sample	libsize_75percent
SRR816336.aligned	368308.0
SRR815326.aligned	262863.0
SRR1105174.aligned	246293.0
SRR814657.aligned	283295.0
SRR663368.aligned	220635.0
SRR814491.aligned	349153.0
SRR814407.aligned	244320.0
SRR1105154.aligned	210270.0
SRR1120276.aligned	191336.0
SRR1077619.aligned	191750.0
SRR813043.aligned	252639.0
SRR811748.aligned	292001.0
SRR663717.aligned	90167.0
SRR808152.aligned	293276.0
SRR665538.aligned	377670.0
SRR665502.aligned	232511.0
SRR662330.aligned	83731.0
SRR662055.aligned	98066.0
SRR658338.aligned	108913.0
SRR1099622.aligned	230237.0
SRR1100496.aligned	238430.0
SRR658033.aligned	54251.0
SRR660907.aligned	288685.0
SRR660450.aligned	193273.0
SRR659037.aligned	288932.0
SRR658481.aligned	143628.0
SRR1096900.aligned	177432.0
SRR657054.aligned	161617.0
SRR1076729.aligned	166351.0
SRR1076120.aligned	302682.0
SRR1081935.aligned	157661.0
SRR1094216.aligned	248600.0
SRR654940.aligned	71936.0
SRR1074934.aligned	241354.0
SRR614275.aligned	130381.0
SRR613975.aligned	161161.0
SRR613533.aligned	91614.0
SRR1091302.aligned	156261.0
SRR1070332.aligned	246918.0
SRR613042.aligned	156679.0
SRR612563.aligned	30030.0
SRR1071785.aligned	227627.0
SRR1088606.aligned	252863.0
SRR1084577.aligned	88566.0
SRR1071905.aligned	157507.0
SRR604456.aligned	180353.0
SRR1074263.aligned	143398.0
SRR603333.aligned	154864.0
SRR602437.aligned	129489.0
SRR601201.aligned	201498.0
SRR817421.aligned	270970.0
SRR600361.aligned	203892.0
SRR814467.aligned	344831.0
SRR1070133.aligned	156031.0
SRR1105198.aligned	171914.0
SRR1102320.aligned	148734.0
SRR809725.aligned	352498.0
SRR1077643.aligned	177005.0
SRR1085235.aligned	223474.0
SRR807438.aligned	367534.0
SRR807463.aligned	351781.0
SRR615323.aligned	103651.0
SRR1077038.aligned	231266.0
SRR660614.aligned	181108.0
SRR1069919.aligned	174785.0
SRR1083554.aligned	330260.0
SRR659389.aligned	371338.0
SRR659637.aligned	185713.0
SRR658941.aligned	215447.0
SRR1079259.aligned	99847.0
SRR1075825.aligned	296458.0
SRR655088.aligned	35434.0
SRR1096315.aligned	192720.0
SRR655301.aligned	470448.0
SRR655218.aligned	409145.0
SRR1092818.aligned	169772.0
SRR1093814.aligned	177150.0
SRR615201.aligned	208131.0
SRR613867.aligned	111842.0
SRR1080022.aligned	247995.0
SRR1091380.aligned	149035.0
SRR608002.aligned	223811.0
SRR607311.aligned	184250.0
SRR1079660.aligned	97151.0
SRR599154.aligned	214928.0
SRR602927.aligned	147976.0
SRR1078417.aligned	175023.0
SRR821388.aligned	319059.0
SRR824015.aligned	364807.0
SRR607705.aligned	184729.0
SRR602338.aligned	290114.0
SRR1078903.aligned	163247.0
SRR820907.aligned	227191.0
SRR821148.aligned	482456.0
SRR1088241.aligned	223771.0
SRR819134.aligned	213207.0
SRR819293.aligned	308744.0
SRR1088487.aligned	195753.0
SRR598792.aligned	213649.0
SRR818170.aligned	327125.0
SRR1069714.aligned	188773.0
SRR1069895.aligned	195828.0
SRR662354.aligned	176862.0
SRR1098169.aligned	940250.0
SRR1120847.aligned	244728.0
SRR1077968.aligned	187585.0
SRR814165.aligned	305890.0
SRR812745.aligned	163513.0
SRR1102224.aligned	220050.0
SRR1101612.aligned	239631.0
SRR810343.aligned	391894.0
SRR811891.aligned	168875.0
SRR1085039.aligned	202400.0
SRR1098122.aligned	195742.0
SRR811121.aligned	366041.0
SRR1100472.aligned	199642.0
SRR1084299.aligned	185660.0
SRR808614.aligned	339232.0
SRR663477.aligned	126004.0
SRR663681.aligned	275673.0
SRR659947.aligned	431772.0
SRR1097270.aligned	226178.0
SRR1082957.aligned	193502.0
SRR661675.aligned	183232.0
SRR659804.aligned	354862.0
SRR1082809.aligned	264155.0
SRR658331.aligned	18282.0
SRR657927.aligned	168561.0
SRR658117.aligned	106983.0
SRR657115.aligned	91784.0
SRR1075458.aligned	202551.0
SRR627435.aligned	49120.0
SRR613999.aligned	88272.0
SRR1090310.aligned	174933.0
SRR613390.aligned	127829.0
SRR1078759.aligned	149849.0
SRR612899.aligned	147192.0
SRR1071207.aligned	216751.0
SRR1074815.aligned	187820.0
SRR612407.aligned	77621.0
SRR1088093.aligned	180251.0
SRR1078972.aligned	197358.0
SRR819164.aligned	137404.0
SRR1120825.aligned	193997.0
SRR818263.aligned	338826.0
SRR1120913.aligned	283941.0
SRR1087007.aligned	130603.0
SRR660764.aligned	52977.0
SRR1104987.aligned	170112.0
SRR662414.aligned	455770.0
SRR663100.aligned	230384.0
SRR1102998.aligned	153826.0
SRR663002.aligned	402941.0
SRR1073731.aligned	212885.0
SRR810829.aligned	281034.0
SRR812697.aligned	359808.0
SRR1070641.aligned	194498.0
SRR811333.aligned	352259.0
SRR1072055.aligned	226866.0
SRR810571.aligned	262239.0
SRR810531.aligned	273271.0
SRR810031.aligned	274879.0
SRR1099427.aligned	183147.0
SRR1093504.aligned	118179.0
SRR807543.aligned	309640.0
SRR665217.aligned	402271.0
SRR1083286.aligned	181552.0
SRR662031.aligned	264121.0
SRR1082059.aligned	219502.0
SRR655899.aligned	234228.0
SRR655792.aligned	138106.0
SRR655601.aligned	280286.0
SRR627437.aligned	69495.0
SRR627443.aligned	94180.0
SRR1081401.aligned	222942.0
SRR1081044.aligned	127169.0
SRR614779.aligned	29575.0
SRR615335.aligned	133827.0
SRR1080509.aligned	288862.0
SRR1090265.aligned	144901.0
SRR613054.aligned	174414.0
SRR612911.aligned	191050.0
SRR1088734.aligned	174192.0
SRR1092281.aligned	126610.0
SRR603834.aligned	315624.0
SRR1087992.aligned	135160.0
SRR821326.aligned	77104.0
SRR821410.aligned	92945.0
SRR603188.aligned	268724.0
SRR817444.aligned	88088.0
SRR820962.aligned	132223.0
SRR821050.aligned	168136.0
SRR818971.aligned	333317.0
SRR601359.aligned	308617.0
SRR818725.aligned	317794.0
SRR614179.aligned	44974.0
SRR816226.aligned	181218.0
SRR1073878.aligned	208797.0
SRR1086752.aligned	194153.0
SRR600608.aligned	231929.0
SRR1086656.aligned	203390.0
SRR814244.aligned	389764.00000000006
SRR814427.aligned	254205.0
SRR598276.aligned	126905.0
SRR812366.aligned	272070.0
SRR811471.aligned	316892.0
SRR664795.aligned	463800.0
SRR1102899.aligned	101373.0
SRR807703.aligned	267199.0
SRR1085187.aligned	61295.0
SRR1101542.aligned	75027.0
SRR1101741.aligned	202739.0
SRR1101348.aligned	252049.0
SRR808172.aligned	292453.0
SRR663783.aligned	227876.0
SRR1100872.aligned	178619.0
SRR663795.aligned	254352.0
SRR660776.aligned	279624.0
SRR1083604.aligned	186506.0
SRR1099520.aligned	171502.0
SRR661373.aligned	254196.0
SRR659307.aligned	377494.0
SRR1070159.aligned	252322.0
SRR1097076.aligned	183865.0
SRR1082197.aligned	229339.0
SRR1095213.aligned	277760.0
SRR656083.aligned	286091.0
SRR1093053.aligned	225038.0
SRR1072578.aligned	183077.0
SRR654730.aligned	255936.0
SRR1080246.aligned	157793.0
SRR615826.aligned	74841.0
SRR1092468.aligned	261066.0
SRR1080927.aligned	227788.0
SRR614047.aligned	213059.0
SRR614083.aligned	162243.0
SRR614467.aligned	221932.0
SRR613282.aligned	116747.0
SRR1075004.aligned	201555.0
SRR613018.aligned	28528.0
SRR1079281.aligned	156600.0
SRR612539.aligned	70092.0
SRR1071131.aligned	190251.0
SRR1078278.aligned	240962.0
SRR603890.aligned	32509.0
SRR818002.aligned	256500.0
SRR816699.aligned	328470.0
SRR1087606.aligned	169909.0
SRR1083408.aligned	128456.0
SRR601962.aligned	254884.0
SRR1085687.aligned	278632.0
SRR1086869.aligned	194184.0
SRR814943.aligned	403848.0
SRR598894.aligned	116188.0
SRR1097320.aligned	98763.0
SRR813584.aligned	351635.0
SRR1099744.aligned	45126.0
SRR665563.aligned	326337.0
SRR809444.aligned	176085.0
SRR1100588.aligned	168285.0
SRR809065.aligned	371219.0
SRR808351.aligned	320503.0
SRR1099648.aligned	48017.0
SRR1084055.aligned	198761.0
SRR665658.aligned	103564.0
SRR1100965.aligned	139175.0
SRR663392.aligned	310976.0
SRR1098519.aligned	219807.0
SRR1069734.aligned	289893.0
SRR657372.aligned	294244.0
SRR1081589.aligned	295570.0
SRR656782.aligned	107692.0
SRR656107.aligned	152340.0
SRR1072178.aligned	193666.0
SRR655816.aligned	374687.0
SRR615814.aligned	78809.0
SRR615695.aligned	217884.0
SRR1074289.aligned	279181.0
SRR614695.aligned	228709.0
SRR1080117.aligned	104259.0
SRR613198.aligned	167153.0
SRR613126.aligned	139258.0
SRR1080951.aligned	141417.0
SRR660579.aligned	13361.0
SRR1088631.aligned	235118.0
SRR1089230.aligned	190473.0
SRR1078660.aligned	194373.0
SRR818873.aligned	443745.0
SRR1073581.aligned	208888.0
SRR602680.aligned	218316.0
SRR601613.aligned	170126.0
SRR807591.aligned	364667.0
SRR810483.aligned	316539.0
SRR811029.aligned	127758.0
SRR1071880.aligned	278215.0
SRR812270.aligned	392321.0
SRR1105106.aligned	222852.0
SRR1102489.aligned	192853.0
SRR663356.aligned	30407.0
SRR663623.aligned	132407.0
SRR1069690.aligned	171628.0
SRR815422.aligned	305646.0
SRR1077708.aligned	184702.0
SRR817353.aligned	255060.0
SRR817658.aligned	191655.0
SRR1084323.aligned	120954.0
SRR819744.aligned	372822.0
SRR1072456.aligned	196962.0
SRR1101061.aligned	223988.0
SRR599510.aligned	81931.0
SRR1099570.aligned	205890.0
SRR663898.aligned	236772.0
SRR1083237.aligned	276769.0
SRR659720.aligned	81746.0
SRR661613.aligned	419061.0
SRR661469.aligned	122706.0
SRR660945.aligned	164242.0
SRR661794.aligned	221761.0
SRR1076046.aligned	243976.0
SRR659768.aligned	58081.0
SRR659923.aligned	389418.0
SRR1076244.aligned	90247.0
SRR1075505.aligned	295664.0
SRR1075198.aligned	238154.0
SRR1095744.aligned	215327.0
SRR655864.aligned	341567.0
SRR1072388.aligned	155079.0
SRR1093930.aligned	230585.0
SRR655134.aligned	320531.0
SRR655170.aligned	178219.0
SRR615539.aligned	190626.0
SRR615096.aligned	58168.0
SRR615359.aligned	177957.0
SRR615659.aligned	205340.0
SRR1079998.aligned	217731.0
SRR1092349.aligned	86114.0
SRR1079806.aligned	167090.0
SRR613723.aligned	31775.0
SRR613603.aligned	31514.0
SRR1091206.aligned	179306.0
SRR1079023.aligned	194033.0
SRR612767.aligned	47001.0
SRR1089926.aligned	239689.0
SRR1073991.aligned	126182.0
SRR1087825.aligned	149395.0
SRR601387.aligned	106401.0
SRR663693.aligned	179561.0
SRR665610.aligned	365477.0
SRR1073655.aligned	203036.0
SRR1076868.aligned	131389.0
SRR809233.aligned	376379.0
SRR810153.aligned	310851.0
SRR809283.aligned	145960.0
SRR1140510.aligned	304738.0
SRR811005.aligned	296003.0
SRR598749.aligned	64004.0
SRR812060.aligned	227491.0
SRR810007.aligned	312425.0
SRR814219.aligned	260474.0
SRR816770.aligned	273172.0
SRR818372.aligned	332980.0
SRR818210.aligned	337722.0
SRR819261.aligned	205674.0
SRR1073483.aligned	177138.0
SRR820938.aligned	352409.0
SRR1076535.aligned	211019.0
SRR1081961.aligned	283318.0
SRR1082640.aligned	246460.0
SRR659157.aligned	174246.0
SRR1081838.aligned	267027.0
SRR658045.aligned	199983.0
SRR1082080.aligned	78793.0
SRR1082104.aligned	198182.0
SRR1081864.aligned	237496.0
SRR657695.aligned	184653.0
SRR656288.aligned	165133.0
SRR655756.aligned	231864.0
SRR1081209.aligned	143676.0
SRR1071807.aligned	149312.0
SRR613450.aligned	230522.0
SRR613066.aligned	158163.0
SRR1079094.aligned	169972.0
SRR607839.aligned	198113.0
SRR1078439.aligned	222354.0
SRR608662.aligned	286793.0
SRR603472.aligned	24651.0
SRR603092.aligned	185375.0
SRR603036.aligned	315053.0
SRR599313.aligned	224319.0
SRR821581.aligned	289032.0
SRR1069097.aligned	182822.0
SRR1077753.aligned	252738.0
SRR600784.aligned	175370.0
SRR598148.aligned	144304.0
SRR814794.aligned	346576.0
SRR814844.aligned	188179.0
SRR1076990.aligned	171313.0
SRR1102780.aligned	236356.0
SRR1069279.aligned	210018.0
SRR1100728.aligned	223563.0
SRR812493.aligned	432479.0
SRR1083215.aligned	203649.0
SRR1076369.aligned	234692.0
SRR807567.aligned	210713.0
SRR1097035.aligned	220789.99999999997
SRR1096458.aligned	233950.0
SRR1096363.aligned	220704.0
SRR1094380.aligned	218424.0
SRR658573.aligned	321431.0
SRR1093031.aligned	233560.0
SRR655637.aligned	252609.0
SRR615982.aligned	165551.0
SRR1090791.aligned	286943.0
SRR615455.aligned	88178.0
SRR1089950.aligned	232856.0
SRR613294.aligned	60563.0
SRR613855.aligned	214207.0
SRR612419.aligned	246014.0
SRR1086094.aligned	168278.0
SRR603858.aligned	345991.0
SRR1085975.aligned	162165.0
SRR1070689.aligned	95968.0
SRR820316.aligned	237031.0
SRR820993.aligned	311022.0
SRR1085759.aligned	159619.0
SRR819637.aligned	189574.0
SRR819486.aligned	322303.0
SRR818348.aligned	323071.0
SRR600560.aligned	277846.0
SRR601239.aligned	150942.0
SRR816096.aligned	338281.0
SRR1084698.aligned	193714.0
SRR1077159.aligned	306579.0
SRR814195.aligned	254616.0
SRR1083579.aligned	251257.0
SRR1075078.aligned	235090.0
SRR1101834.aligned	173747.0
SRR1101957.aligned	202663.0
SRR1081092.aligned	170062.0
SRR1101037.aligned	195606.0
SRR1097618.aligned	106026.0
SRR812198.aligned	290502.0
SRR1099694.aligned	190084.0
SRR665417.aligned	166915.0
SRR665262.aligned	245806.0
SRR663525.aligned	110897.0
SRR660673.aligned	191373.0
SRR660800.aligned	215534.0
SRR661242.aligned	65552.0
SRR1096595.aligned	201858.0
SRR1096547.aligned	154995.0
SRR660522.aligned	404631.0
SRR660895.aligned	279226.0
SRR1094405.aligned	260029.0
SRR659061.aligned	106004.0
SRR1093794.aligned	238240.0
SRR1094287.aligned	239393.0
SRR1093906.aligned	195898.0
SRR658921.aligned	192175.0
SRR658457.aligned	92672.0
SRR1093601.aligned	155292.0
SRR657880.aligned	48925.0
SRR1075102.aligned	164450.0
SRR656970.aligned	364758.0
SRR656373.aligned	205243.0
SRR627447.aligned	99095.0
SRR615802.aligned	146038.0
SRR615105.aligned	66791.0
SRR1075384.aligned	170246.0
SRR1089562.aligned	231784.0
SRR614791.aligned	26257.0
SRR1088680.aligned	155184.0
SRR1072871.aligned	97578.0
SRR1087101.aligned	132887.0
SRR612263.aligned	131616.0
SRR603068.aligned	155482.0
SRR602728.aligned	199498.0
SRR601671.aligned	171157.0
SRR1085874.aligned	192935.0
SRR810201.aligned	287185.0
SRR810413.aligned	292879.0
SRR1071011.aligned	163524.0
SRR598124.aligned	150127.0
SRR598533.aligned	224418.0
SRR600754.aligned	180636.0
SRR665442.aligned	223554.0
SRR663344.aligned	364873.0
SRR663428.aligned	260751.0
SRR1083732.aligned	216998.0
SRR1084393.aligned	142927.0
SRR661699.aligned	269005.0
SRR659673.aligned	256381.0
SRR660030.aligned	299740.0
SRR1098660.aligned	163145.0
SRR659427.aligned	308893.0
SRR1098952.aligned	226953.0
SRR659049.aligned	337986.0
SRR1068999.aligned	243297.0
SRR1081259.aligned	119217.99999999999
SRR1081493.aligned	177901.0
SRR655911.aligned	77431.0
SRR655375.aligned	469636.0
SRR655531.aligned	510751.0
SRR655720.aligned	107551.0
SRR614948.aligned	107343.0
SRR614431.aligned	222319.0
SRR1091597.aligned	198640.0
SRR1074314.aligned	183219.0
SRR612923.aligned	217669.0
SRR1074116.aligned	314423.0
SRR821690.aligned	269916.0
SRR603330.aligned	31688.0
SRR821364.aligned	351104.0
SRR821525.aligned	314223.0
SRR818901.aligned	239166.0
SRR817464.aligned	160961.0
SRR1073507.aligned	261723.0
SRR817954.aligned	395308.0
SRR1071359.aligned	227214.0
SRR817825.aligned	220299.0
SRR1071475.aligned	175664.0
SRR815232.aligned	367041.0
SRR815020.aligned	177419.0
SRR663236.aligned	152947.0
SRR812318.aligned	239286.0
SRR1086514.aligned	251172.0
SRR1069943.aligned	489422.0
SRR1086256.aligned	143191.0
SRR809185.aligned	114116.0
SRR1085803.aligned	249054.0
SRR1074884.aligned	275210.0
SRR601006.aligned	166452.0
SRR1078212.aligned	209087.0
SRR1102031.aligned	73234.0
SRR809963.aligned	384728.0
SRR1077310.aligned	157913.0
SRR809943.aligned	147316.0
SRR809137.aligned	160154.0
SRR665369.aligned	525419.0
SRR665490.aligned	368556.0
SRR1084742.aligned	203926.0
SRR1105009.aligned	211443.0
SRR1077183.aligned	205150.0
SRR660354.aligned	161849.0
SRR1076559.aligned	260820.0
SRR1100608.aligned	203666.0
SRR660127.aligned	278916.0
SRR1100824.aligned	188706.0
SRR1076584.aligned	202786.0
SRR1097978.aligned	84164.0
SRR659247.aligned	255478.0
SRR1082173.aligned	220274.0
SRR655052.aligned	120432.0
SRR1093410.aligned	235272.0
SRR1075484.aligned	232756.0
SRR615515.aligned	22747.0
SRR614888.aligned	28178.0
SRR615443.aligned	155399.0
SRR1092493.aligned	159389.0
SRR614743.aligned	156260.0
SRR1093100.aligned	177320.0
SRR614455.aligned	196381.0
SRR614251.aligned	34304.0
SRR1090861.aligned	193445.0
SRR1080093.aligned	192150.0
SRR607743.aligned	114625.0
SRR1074164.aligned	261871.0
SRR1088958.aligned	189567.0
SRR1087245.aligned	171474.0
SRR1088068.aligned	192969.0
SRR1071499.aligned	152778.0
SRR607967.aligned	209129.0
SRR603942.aligned	279267.0
SRR606939.aligned	225882.0
SRR817775.aligned	193055.0
SRR814989.aligned	266785.0
SRR1072602.aligned	199173.0
SRR1086304.aligned	97957.0
SRR1084842.aligned	314009.0
SRR810295.aligned	312493.0
SRR1103048.aligned	44491.0
SRR807493.aligned	361811.0
SRR1085614.aligned	177585.0
SRR1070308.aligned	149053.0
SRR662162.aligned	214874.0
SRR1084649.aligned	209896.0
SRR657777.aligned	145058.0
SRR1101256.aligned	159544.0
SRR1077599.aligned	208744.0
SRR1084674.aligned	218843.0
SRR659971.aligned	27976.0
SRR1100917.aligned	180739.0
SRR1099189.aligned	230927.0
SRR1098712.aligned	219485.0
SRR1097752.aligned	294524.0
SRR1083384.aligned	217313.0
SRR1096946.aligned	216953.0
SRR656493.aligned	86957.0
SRR656385.aligned	78302.0
SRR656899.aligned	232318.0
SRR656275.aligned	153654.0
SRR655040.aligned	128445.0
SRR1095358.aligned	198159.0
SRR655423.aligned	237186.0
SRR1094336.aligned	176348.0
SRR1093434.aligned	147732.0
SRR615623.aligned	176558.0
SRR615479.aligned	57044.0
SRR615371.aligned	162859.0
SRR614131.aligned	81054.0
SRR1092444.aligned	214766.0
SRR1092257.aligned	171247.0
SRR613138.aligned	301242.0
SRR1090770.aligned	171112.0
SRR1069802.aligned	108182.0
SRR821302.aligned	340793.0
SRR818537.aligned	67689.0
SRR1069376.aligned	204269.0
SRR819510.aligned	381410.0
SRR1078368.aligned	356815.0
SRR604050.aligned	177066.0
SRR817978.aligned	284839.0
SRR818821.aligned	338060.0
SRR603750.aligned	145781.0
SRR816403.aligned	299755.0
SRR601335.aligned	88332.0
SRR602492.aligned	264350.0
SRR816565.aligned	283463.0
SRR662713.aligned	227738.0
SRR1074140.aligned	206888.0
SRR813371.aligned	236861.0
SRR1068855.aligned	175433.0
SRR599059.aligned	177495.0
SRR812912.aligned	323311.0
SRR1077996.aligned	223129.0
SRR1086441.aligned	268499.0
SRR810595.aligned	115843.0
SRR1086635.aligned	224996.0
SRR1085782.aligned	157148.0
SRR810899.aligned	336944.0
SRR810737.aligned	190077.0
SRR809296.aligned	397315.0
SRR1102515.aligned	257520.0
SRR808428.aligned	356502.0
SRR664819.aligned	396236.0
SRR665310.aligned	416549.0
SRR1077263.aligned	200549.0
SRR661553.aligned	152954.0
SRR662091.aligned	140912.0
SRR1070455.aligned	185222.0
SRR1100516.aligned	214296.0
SRR661108.aligned	124311.0
SRR658093.aligned	68651.0
SRR657949.aligned	139291.0
SRR658873.aligned	233495.0
SRR658754.aligned	295372.0
SRR1098450.aligned	177038.0
SRR658259.aligned	133780.0
SRR657151.aligned	199760.0
SRR1069048.aligned	146522.0
SRR656059.aligned	238115.0
SRR655696.aligned	401291.0
SRR1082496.aligned	222046.0
SRR1082283.aligned	163728.0
SRR655289.aligned	130717.0
SRR627457.aligned	80287.0
SRR654874.aligned	180742.0
SRR617841.aligned	201606.0
SRR615237.aligned	88076.0
SRR1079118.aligned	257451.0
SRR614311.aligned	66250.0
SRR614887.aligned	290816.0
SRR614359.aligned	153595.0
SRR614515.aligned	67141.0
SRR614623.aligned	220652.0
SRR614419.aligned	241216.0
SRR613747.aligned	205990.0
SRR613426.aligned	120223.0
SRR1080143.aligned	182532.0
SRR1071453.aligned	190979.0
SRR612604.aligned	167674.0
SRR612935.aligned	214892.0
SRR607679.aligned	317266.0
SRR1071105.aligned	203832.0
SRR607562.aligned	206355.0
SRR602951.aligned	293412.0
SRR604148.aligned	306245.0
SRR814317.aligned	67164.0
SRR1089183.aligned	197801.0
SRR604528.aligned	149681.0
SRR598220.aligned	127293.0
SRR819370.aligned	264150.0
SRR602082.aligned	253857.0
SRR816969.aligned	287786.0
SRR601122.aligned	230153.0
SRR597977.aligned	107705.0
SRR663112.aligned	215850.0
SRR1073095.aligned	215571.0
SRR813983.aligned	180707.0
SRR814082.aligned	363575.0
SRR813608.aligned	298080.0
SRR1102176.aligned	234715.0
SRR810619.aligned	80150.0
SRR1098495.aligned	144398.0
SRR813171.aligned	409215.0
SRR813728.aligned	254876.0
SRR813802.aligned	221046.0
SRR1084484.aligned	109304.0
SRR1084965.aligned	74222.0
SRR1100564.aligned	201143.0
SRR814363.aligned	110751.0
SRR662847.aligned	67680.0
SRR817629.aligned	190484.0
SRR1099765.aligned	170235.0
SRR816589.aligned	107184.0
SRR818523.aligned	337991.0
SRR818939.aligned	325866.0
SRR821573.aligned	301146.0
SRR821626.aligned	323869.0
SRR1098761.aligned	236084.0
SRR1096876.aligned	215900.0
SRR657127.aligned	207594.0
SRR1080859.aligned	218991.0
SRR1096125.aligned	174651.0
SRR1072129.aligned	202651.0
SRR661192.aligned	252034.0
SRR659863.aligned	289162.0
SRR1095188.aligned	222574.0
SRR1071543.aligned	253294.0
SRR1081473.aligned	197073.0
SRR1092372.aligned	247120.0
SRR657575.aligned	228904.0
SRR1092706.aligned	185849.0
SRR1069421.aligned	222388.0
SRR1091144.aligned	80647.0
SRR1073143.aligned	175924.0
SRR614599.aligned	79005.0
SRR614707.aligned	91331.0
SRR614287.aligned	221320.0
SRR1090556.aligned	113622.0
SRR613162.aligned	118347.0
SRR613174.aligned	231492.0
SRR612323.aligned	113511.0
SRR607141.aligned	304363.0
SRR1079070.aligned	183376.0
SRR604318.aligned	367580.0
SRR1078347.aligned	141191.0
SRR602034.aligned	102468.0
SRR1078299.aligned	241139.0
SRR813560.aligned	85638.0
SRR1086164.aligned	184231.0
SRR807657.aligned	329586.0
SRR1105033.aligned	203585.0
SRR1070403.aligned	162382.0
SRR810129.aligned	307056.0
SRR1085159.aligned	164531.0
SRR1101304.aligned	218056.0
SRR1084103.aligned	298935.0
SRR662653.aligned	118234.0
SRR813234.aligned	258650.0
SRR1073389.aligned	216855.0
SRR817488.aligned	328892.0
SRR1098928.aligned	170554.0
SRR817004.aligned	360860.0
SRR1099120.aligned	213974.0
SRR818294.aligned	308385.0
SRR1073705.aligned	143658.0
SRR1069141.aligned	161211.0
SRR819318.aligned	277240.0
SRR1083504.aligned	137617.0
SRR661782.aligned	317111.0
SRR1096408.aligned	220959.0
SRR659780.aligned	153728.0
SRR661229.aligned	171838.0
SRR1082262.aligned	188714.0
SRR1093527.aligned	266513.0
SRR1093196.aligned	198671.0
SRR1093483.aligned	195055.0
SRR658307.aligned	248481.0
SRR1070286.aligned	201722.0
SRR1081543.aligned	155690.0
SRR1081567.aligned	204930.0
SRR1081308.aligned	225814.0
SRR657456.aligned	127733.0
SRR657683.aligned	163365.0
SRR1091452.aligned	86402.0
SRR656397.aligned	345830.0
SRR655495.aligned	414705.0
SRR654921.aligned	193059.0
SRR1092329.aligned	225943.0
SRR1074502.aligned	157595.0
SRR1080196.aligned	176482.0
SRR615395.aligned	86158.0
SRR1070713.aligned	235284.0
SRR615347.aligned	215440.0
SRR614059.aligned	19822.0
SRR1090815.aligned	219603.0
SRR1089974.aligned	182081.0
SRR613150.aligned	77855.0
SRR612587.aligned	45371.0
SRR601843.aligned	295346.0
SRR1088142.aligned	110119.0
SRR604480.aligned	332620.0
SRR603164.aligned	203571.0
SRR598068.aligned	443441.0
SRR1105081.aligned	255371.0
SRR662787.aligned	165984.0
SRR598638.aligned	157160.0
SRR1077288.aligned	152930.0
SRR1087152.aligned	156011.0
SRR808375.aligned	276681.0
SRR598196.aligned	253256.0
SRR598565.aligned	296781.0
SRR1105391.aligned	137128.0
SRR1073435.aligned	138178.0
SRR1086369.aligned	206184.0
SRR662871.aligned	406723.0
SRR662906.aligned	186437.0
SRR663320.aligned	408433.0
SRR815067.aligned	356221.0
SRR1073119.aligned	161075.0
SRR1076195.aligned	199037.0
SRR661639.aligned	51503.0
SRR1098192.aligned	99903.0
SRR1097954.aligned	199673.0
SRR1097857.aligned	150520.0
SRR1098098.aligned	191086.0
SRR659472.aligned	47788.0
SRR1075530.aligned	311303.0
SRR657611.aligned	62707.0
SRR1075028.aligned	227612.0
SRR657468.aligned	126723.0
SRR657903.aligned	176483.0
SRR655946.aligned	302375.0
SRR1095261.aligned	257840.0
SRR1074670.aligned	168078.0
SRR1070036.aligned	181948.0
SRR1075850.aligned	187468.0
SRR1081357.aligned	179364.0
SRR1081639.aligned	175237.0
SRR1070888.aligned	217202.0
SRR614215.aligned	165103.0
SRR613627.aligned	224758.0
SRR1080534.aligned	171624.0
SRR612575.aligned	27926.0
SRR1090530.aligned	160844.0
SRR1071644.aligned	210025.0
SRR612215.aligned	43824.0
SRR1088656.aligned	227250.0
SRR1071832.aligned	217177.0
SRR1079046.aligned	229791.0
SRR1085925.aligned	113567.0
SRR1088044.aligned	224198.0
SRR819946.aligned	279434.0
SRR1074090.aligned	77500.0
SRR821176.aligned	348304.0
SRR1088511.aligned	155818.0
SRR820448.aligned	329632.0
SRR818232.aligned	316804.0
SRR817758.aligned	162656.00000000003
SRR1087728.aligned	157669.0
SRR818009.aligned	352260.0
SRR1073459.aligned	137252.0
SRR1123775.aligned	337865.0
SRR663489.aligned	345236.0
SRR663705.aligned	113169.0
SRR1102562.aligned	183336.0
SRR663513.aligned	135220.0
SRR1084892.aligned	153423.0
SRR662763.aligned	64622.0
SRR1069564.aligned	207342.0
SRR662510.aligned	390036.0
SRR814268.aligned	296930.0
SRR811049.aligned	168176.0
SRR1100370.aligned	150729.0
SRR817512.aligned	389339.0
SRR657915.aligned	260678.0
SRR1099720.aligned	174931.0
SRR661325.aligned	358635.0
SRR1082709.aligned	225602.0
SRR1099096.aligned	221116.0
SRR1083530.aligned	159522.0
SRR657801.aligned	133691.0
SRR659013.aligned	153909.0
SRR659121.aligned	266263.0
SRR658897.aligned	149228.0
SRR656203.aligned	95276.0
SRR1095627.aligned	222526.0
SRR1069231.aligned	193103.0
SRR1075971.aligned	171886.0
SRR627433.aligned	116438.0
SRR615898.aligned	14150.0
SRR614864.aligned	211843.0
SRR614310.aligned	204218.0
SRR1091572.aligned	264381.0
SRR1091524.aligned	166117.0
SRR1091918.aligned	180937.0
SRR1090650.aligned	235122.0
SRR607313.aligned	197539.0
SRR601925.aligned	303087.0
SRR604653.aligned	160137.0
SRR1087585.aligned	242896.00000000003
SRR603690.aligned	122884.0
SRR1078834.aligned	154387.0
SRR821434.aligned	206649.0
SRR1077850.aligned	182094.0
SRR1087752.aligned	183864.0
SRR600474.aligned	138268.0
SRR1077944.aligned	192262.0
SRR821231.aligned	199334.0
SRR815783.aligned	318532.0
SRR1101883.aligned	171665.0
SRR816015.aligned	239900.0
SRR1076916.aligned	196336.0
SRR814967.aligned	351987.0
SRR1085475.aligned	226707.0
SRR1083125.aligned	211694.0
SRR813536.aligned	328441.0
SRR812943.aligned	290143.0
SRR1099451.aligned	280284.0
SRR1098385.aligned	183128.0
SRR808862.aligned	277110.0
SRR1084079.aligned	232105.0
SRR1097929.aligned	209308.0
SRR661901.aligned	93923.0
SRR627419.aligned	20564.0
SRR662245.aligned	290482.0
SRR1075433.aligned	217958.0
SRR662211.aligned	42397.0
SRR662019.aligned	178840.0
SRR1072972.aligned	112715.0
SRR661267.aligned	308149.0
SRR661084.aligned	80766.0
SRR1087654.aligned	21311.0
SRR659590.aligned	149784.0
SRR658129.aligned	435748.0
SRR1093148.aligned	159395.0
SRR1075659.aligned	156278.0
SRR1081068.aligned	188004.0
SRR1075223.aligned	149707.0
SRR655241.aligned	395496.0
SRR1080342.aligned	185983.0
SRR1090241.aligned	206088.0
SRR613249.aligned	231593.0
SRR614563.aligned	244120.0
SRR1078392.aligned	286196.0
SRR1071717.aligned	177379.0
SRR1088706.aligned	219336.0
SRR1087680.aligned	236010.0
SRR605101.aligned	124122.0
SRR601900.aligned	186829.0
SRR604294.aligned	250698.0
SRR601263.aligned	98840.0
SRR1087031.aligned	165235.0
SRR821207.aligned	307548.0
SRR819610.aligned	350827.0
SRR1071692.aligned	206746.0
SRR1105272.aligned	183637.0
SRR816475.aligned	287763.0
SRR661806.aligned	36978.0
SRR1101513.aligned	140569.0
SRR663014.aligned	193333.0
SRR1085063.aligned	175313.0
SRR1098831.aligned	151322.0
SRR1084204.aligned	272184.0
SRR1084917.aligned	176455.0
SRR812128.aligned	388501.0
SRR811697.aligned	311562.0
SRR1072269.aligned	202925.0
SRR808065.aligned	236507.0
SRR1076022.aligned	145080.0
SRR663807.aligned	149259.0
SRR1072480.aligned	198889.0
SRR662043.aligned	52127.0
SRR1075294.aligned	239612.0
SRR1096806.aligned	207107.0
SRR1095913.aligned	143699.0
SRR661421.aligned	257854.0
SRR1096478.aligned	215376.0
SRR660260.aligned	106648.0
SRR661064.aligned	271210.0
SRR660248.aligned	311908.0
SRR1094531.aligned	246508.0
SRR656167.aligned	123252.0
SRR655399.aligned	380259.0
SRR655435.aligned	197873.0
SRR1093340.aligned	73053.0
SRR1092937.aligned	105019.0
SRR1072150.aligned	211480.0
SRR655206.aligned	161084.0
SRR615587.aligned	46135.0
SRR615850.aligned	109886.0
SRR615419.aligned	272315.0
SRR1088581.aligned	190920.0
SRR613078.aligned	132759.0
SRR607042.aligned	50885.0
SRR608630.aligned	239818.0
SRR1078809.aligned	199002.0
SRR608574.aligned	164677.0
SRR1073947.aligned	237946.0
SRR1087942.aligned	143633.0
SRR602314.aligned	210758.0
SRR1078164.aligned	234137.0
SRR601287.aligned	195001.0
SRR601098.aligned	251155.0
SRR1088758.aligned	172410.0
SRR602978.aligned	319950.0
SRR819186.aligned	347204.0
SRR819394.aligned	356439.0
SRR602365.aligned	149162.0
SRR817258.aligned	377005.0
SRR817715.aligned	342288.0
SRR1070015.aligned	218013.0
SRR817905.aligned	320518.0
SRR816609.aligned	160792.0
SRR816794.aligned	282978.0
SRR1073267.aligned	256174.0
SRR1084439.aligned	278101.0
SRR1101907.aligned	186123.0
SRR1098588.aligned	177889.0
SRR813868.aligned	394159.0
SRR1102079.aligned	200066.0
SRR813076.aligned	315262.0
SRR813752.aligned	350568.0
SRR1101669.aligned	181513.0
SRR1068905.aligned	249554.0
SRR1098050.aligned	208389.0
SRR664063.aligned	122917.0
SRR1081910.aligned	270907.0
SRR1096760.aligned	204873.0
SRR659696.aligned	178467.0
SRR658837.aligned	36463.0
SRR1070208.aligned	236015.0
SRR657809.aligned	124883.0
SRR658212.aligned	126558.0
SRR1093649.aligned	164504.0
SRR655483.aligned	170605.0
SRR1091890.aligned	204287.0
SRR1079404.aligned	351192.0
SRR654862.aligned	266479.0
SRR1072007.aligned	84818.0
SRR627425.aligned	90924.0
SRR615599.aligned	167591.0
SRR615707.aligned	67504.0
SRR615069.aligned	123755.0
SRR1090984.aligned	187990.0
SRR613951.aligned	121172.0
SRR1089504.aligned	247299.0
SRR1087221.aligned	233829.0
SRR821356.aligned	156454.0
SRR820596.aligned	350154.0
SRR820026.aligned	310657.0
SRR820107.aligned	330989.0
SRR604146.aligned	195384.0
SRR1070960.aligned	178076.0
SRR603726.aligned	241385.0
SRR1086889.aligned	117442.0
SRR600385.aligned	232348.0
SRR813019.aligned	84375.0
SRR1072724.aligned	254052.0
SRR598253.aligned	301531.0
SRR1105130.aligned	204342.0
SRR814679.aligned	404481.0
SRR1084766.aligned	188748.0
SRR811169.aligned	381439.0
SRR1100703.aligned	216055.0
SRR808914.aligned	359605.0
SRR807949.aligned	509565.0
SRR1099330.aligned	228909.0
SRR1072773.aligned	180922.0
SRR663465.aligned	267771.0
SRR1099310.aligned	226160.0
SRR808019.aligned	318722.0
SRR662450.aligned	220638.0
SRR1097221.aligned	189202.0
SRR1097296.aligned	178285.0
SRR1095816.aligned	197596.0
SRR659448.aligned	262777.0
SRR1094357.aligned	193905.0
SRR1095383.aligned	140358.0
SRR656313.aligned	185607.0
SRR1075174.aligned	102848.0
SRR657552.aligned	510707.0
SRR1081184.aligned	112742.0
SRR1069209.aligned	289644.0
SRR1092591.aligned	207897.0
SRR654778.aligned	398484.0
SRR655471.aligned	193057.0
SRR655277.aligned	275664.0
SRR1080048.aligned	218800.0
SRR627423.aligned	47486.0
SRR1090483.aligned	180181.0
SRR1080222.aligned	202974.0
SRR1080148.aligned	212968.0
SRR614335.aligned	178368.0
SRR1090928.aligned	187739.0
SRR613102.aligned	223725.0
SRR608344.aligned	49241.0
SRR612443.aligned	206291.0
SRR608174.aligned	336874.0
SRR1087630.aligned	166785.0
SRR602646.aligned	285655.0
SRR1087271.aligned	148648.0
SRR819459.aligned	297226.0
SRR1076892.aligned	232160.0
SRR816677.aligned	358233.0
SRR816177.aligned	311089.0
SRR816149.aligned	410071.0
SRR662689.aligned	291107.0
SRR813529.aligned	3131.0
SRR1120384.aligned	171146.0
SRR811261.aligned	477166.0
SRR1100632.aligned	162124.0
SRR1102729.aligned	182186.0
SRR810437.aligned	381507.0
SRR810367.aligned	252505.0
SRR1073341.aligned	173806.0
SRR1101931.aligned	216333.0
SRR1101453.aligned	215933.0
SRR807751.aligned	300147.0
SRR1100656.aligned	235304.0
SRR1083800.aligned	217280.0
SRR1098426.aligned	156552.0
SRR660756.aligned	81036.0
SRR659578.aligned	294013.0
SRR1095961.aligned	190625.0
SRR658081.aligned	240926.0
SRR1095527.aligned	208671.0
SRR1080879.aligned	143431.0
SRR656911.aligned	355253.0
SRR615213.aligned	23529.0
SRR615008.aligned	88946.0
SRR615994.aligned	35966.0
SRR1092184.aligned	142193.0
SRR1080318.aligned	199655.0
SRR1074410.aligned	224214.0
SRR1079754.aligned	95943.0
SRR614912.aligned	218015.0
SRR614611.aligned	86880.0
SRR1079706.aligned	192500.0
SRR613663.aligned	213281.0
SRR1070986.aligned	255969.0
SRR1077805.aligned	140278.0
SRR599412.aligned	312010.0
SRR818239.aligned	402681.0
SRR817539.aligned	286437.0
SRR816721.aligned	301025.0
SRR1102369.aligned	168690.0
SRR1105513.aligned	257372.0
SRR815588.aligned	345727.0
SRR601157.aligned	170876.0
SRR601669.aligned	170714.0
SRR815398.aligned	398354.0
SRR814919.aligned	303741.0
SRR1070841.aligned	186931.0
SRR812649.aligned	209617.0
SRR814003.aligned	345894.0
SRR1083149.aligned	119043.00000000001
SRR1076144.aligned	211609.0
SRR1101717.aligned	194645.0
SRR808244.aligned	147950.0
SRR664900.aligned	167100.0
SRR1100752.aligned	187852.0
SRR661711.aligned	247147.0
SRR660498.aligned	108463.0
SRR660438.aligned	179992.0
SRR660933.aligned	260183.0
SRR1081614.aligned	296443.0
SRR657325.aligned	460697.0
SRR1076096.aligned	192308.0
SRR658885.aligned	180070.0
SRR657599.aligned	160704.0
SRR657077.aligned	286463.0
SRR1096339.aligned	160188.0
SRR1094601.aligned	209748.0
SRR1080560.aligned	233532.0
SRR1081137.aligned	209549.0
SRR1080648.aligned	123951.99999999999
SRR1094097.aligned	222914.0
SRR1079213.aligned	269943.0
SRR614996.aligned	111957.0
SRR1091719.aligned	287438.0
SRR613903.aligned	185990.0
SRR1074860.aligned	171869.0
SRR613759.aligned	82573.0
SRR613783.aligned	234194.0
SRR1089901.aligned	193557.0
SRR1079330.aligned	257712.0
SRR613186.aligned	64190.0
SRR1089713.aligned	154484.0
SRR1088808.aligned	256331.0
SRR1087850.aligned	222980.0
SRR607807.aligned	204698.0
SRR612251.aligned	32570.0
SRR1086212.aligned	229947.0
SRR660871.aligned	43463.0
SRR1078258.aligned	200770.0
SRR1102296.aligned	214849.0
SRR1083262.aligned	132560.0
SRR1101808.aligned	167596.0
SRR811491.aligned	141917.0
SRR812773.aligned	191750.0
SRR810461.aligned	362525.0
SRR1101200.aligned	144614.0
SRR809643.aligned	275610.0
SRR809831.aligned	287981.0
SRR808452.aligned	241560.0
SRR1083432.aligned	71653.0
SRR807925.aligned	335756.0
SRR1099475.aligned	204768.0
SRR663874.aligned	224160.0
SRR1098998.aligned	202932.0
SRR1083848.aligned	144073.0
SRR1076705.aligned	153136.0
SRR1097392.aligned	304442.0
SRR1097728.aligned	195324.0
SRR1097905.aligned	184389.0
SRR1075778.aligned	266846.0
SRR660115.aligned	106596.0
SRR1076393.aligned	153759.0
SRR1070429.aligned	239632.0
SRR658597.aligned	471905.0
SRR1091500.aligned	204670.0
SRR655923.aligned	246771.0
SRR1092913.aligned	218422.0
SRR615611.aligned	43404.0
SRR614263.aligned	120044.0
SRR1090290.aligned	184343.0
SRR1080072.aligned	172300.0
SRR612983.aligned	190908.0
SRR1080172.aligned	181813.0
SRR604002.aligned	40418.0
SRR607935.aligned	128418.0
SRR603968.aligned	86465.0
SRR598300.aligned	131742.0
SRR1071379.aligned	225186.0
SRR1084720.aligned	81152.0
SRR600533.aligned	123645.0
SRR1078783.aligned	193279.0
SRR817797.aligned	254990.0
SRR1070382.aligned	152927.0
SRR816358.aligned	239571.0
SRR815735.aligned	256647.0
SRR1086393.aligned	167811.0
SRR660042.aligned	89465.0
SRR600348.aligned	231105.0
SRR598725.aligned	100420.99999999999
SRR662978.aligned	233905.0
SRR813471.aligned	361719.0
SRR663224.aligned	241944.0
SRR1085519.aligned	179644.0
SRR813283.aligned	254491.0
SRR811193.aligned	215649.0
SRR812412.aligned	383826.0
SRR1100029.aligned	295339.0
SRR809382.aligned	348752.0
SRR663753.aligned	365002.0
SRR665405.aligned	79594.0
SRR662366.aligned	94539.0
SRR1098612.aligned	191014.0
SRR1076753.aligned	172765.0
SRR659295.aligned	13907.0
SRR1076219.aligned	252752.0
SRR1083337.aligned	206351.0
SRR661255.aligned	272358.0
SRR660306.aligned	263196.0
SRR1095840.aligned	188319.0
SRR1070111.aligned	173349.0
SRR658813.aligned	424546.0
SRR1094430.aligned	161811.0
SRR657396.aligned	438784.0
SRR1072554.aligned	213776.0
SRR657821.aligned	281280.0
SRR655768.aligned	122118.0
SRR1091097.aligned	242970.0
SRR615165.aligned	182729.0
SRR614659.aligned	98274.0
SRR614035.aligned	99174.0
SRR614383.aligned	257631.0
SRR613615.aligned	62626.0
SRR612827.aligned	66139.0
SRR612623.aligned	150162.0
SRR1074017.aligned	205874.0
SRR608198.aligned	293691.0
SRR1089006.aligned	181295.0
SRR607279.aligned	271920.0
SRR1088340.aligned	221851.0
SRR607911.aligned	180587.0
SRR1069074.aligned	253174.0
SRR1073217.aligned	356317.0
SRR604342.aligned	223623.0
SRR1088365.aligned	150319.0
SRR1078612.aligned	327297.0
SRR1087535.aligned	197463.0
SRR1085951.aligned	190708.0
SRR820859.aligned	333099.0
SRR656223.aligned	111248.0
SRR602271.aligned	51911.0
SRR600632.aligned	299731.0
SRR815893.aligned	228399.0
SRR816039.aligned	357344.0
SRR809259.aligned	370262.0
SRR809503.aligned	357414.0
SRR1120987.aligned	232141.0
SRR1105463.aligned	226222.0
SRR1120939.aligned	122341.0
SRR1077898.aligned	224305.0
SRR808327.aligned	172665.0
SRR665478.aligned	150480.0
SRR1102128.aligned	201108.0
SRR663741.aligned	209821.0
SRR660981.aligned	443547.0
SRR1099809.aligned	194348.0
SRR661052.aligned	208704.0
SRR660272.aligned	220186.0
SRR1099212.aligned	153513.0
SRR1099669.aligned	157420.0
SRR659851.aligned	162365.0
SRR659259.aligned	104547.0
SRR659756.aligned	47055.0
SRR658271.aligned	175248.0
SRR658188.aligned	78083.0
SRR657587.aligned	385364.0
SRR657492.aligned	449315.0
SRR657360.aligned	179715.0
SRR658164.aligned	146614.0
SRR657042.aligned	326634.0
SRR1095865.aligned	141006.0
SRR654898.aligned	431763.0
SRR615946.aligned	16348.999999999998
SRR615970.aligned	70230.0
SRR1094192.aligned	152168.0
SRR1093773.aligned	160040.0
SRR627299.aligned	107601.0
SRR1093124.aligned	223076.0
SRR614984.aligned	63211.0
SRR1092014.aligned	249182.0
SRR1070060.aligned	154924.0
SRR1080696.aligned	239958.0
SRR614167.aligned	55015.0
SRR1074694.aligned	316805.0
SRR614155.aligned	141998.0
SRR1075126.aligned	192059.0
SRR612803.aligned	105984.0
SRR612707.aligned	201584.0
SRR1089595.aligned	206293.0
SRR1089349.aligned	161962.0
SRR821846.aligned	308385.0
SRR601581.aligned	137669.0
SRR820209.aligned	389115.0
SRR821498.aligned	270344.0
SRR818797.aligned	307543.0
SRR811583.aligned	179249.0
SRR602839.aligned	111550.0
SRR603534.aligned	219433.0
SRR815825.aligned	285099.0
SRR815805.aligned	173710.0
SRR1075607.aligned	359844.0
SRR659649.aligned	191234.0
SRR663052.aligned	412687.0
SRR813680.aligned	338498.0
SRR598768.aligned	196740.0
SRR812562.aligned	349922.0
SRR598332.aligned	233939.0
SRR1086538.aligned	148888.0
SRR811213.aligned	399256.0
SRR810981.aligned	367309.0
SRR808106.aligned	291612.0
SRR808752.aligned	257025.0
SRR807995.aligned	137524.0
SRR1077920.aligned	218478.0
SRR1098146.aligned	196157.0
SRR1084128.aligned	133664.0
SRR1101152.aligned	266148.0
SRR1098361.aligned	108740.0
SRR1072345.aligned	107118.0
SRR1100395.aligned	203648.0
SRR1100677.aligned	160488.0
SRR1083824.aligned	256363.0
SRR661096.aligned	92023.0
SRR1076608.aligned	273273.0
SRR1082592.aligned	217373.0
SRR659816.aligned	232330.0
SRR659839.aligned	280504.0
SRR658152.aligned	248155.0
SRR656325.aligned	409430.0
SRR657997.aligned	211276.0
SRR656469.aligned	397857.0
SRR1075752.aligned	218398.0
SRR1095937.aligned	215563.0
SRR1076268.aligned	189711.0
SRR655325.aligned	388515.0
SRR655578.aligned	221269.0
SRR655625.aligned	262211.0
SRR1081987.aligned	271299.0
SRR1093625.aligned	141268.0
SRR615683.aligned	207759.0
SRR1093007.aligned	256336.0
SRR614503.aligned	84512.0
SRR615285.aligned	217175.0
SRR1080600.aligned	171909.0
SRR614755.aligned	265561.0
SRR614479.aligned	123913.0
SRR1091791.aligned	171221.0
SRR613939.aligned	92224.0
SRR1068977.aligned	268518.0
SRR607214.aligned	72353.0
SRR612959.aligned	262346.0
SRR1072321.aligned	169171.0
SRR612395.aligned	167546.0
SRR607586.aligned	260794.0
SRR1088168.aligned	63235.0
SRR1081449.aligned	274445.0
SRR1070620.aligned	141784.0
SRR1074359.aligned	118446.0
SRR823991.aligned	374153.0
SRR601787.aligned	141866.0
SRR819210.aligned	131077.0
SRR821043.aligned	369181.0
SRR601169.aligned	358431.0
SRR819234.aligned	402531.0
SRR1086959.aligned	203675.0
SRR599448.aligned	92717.0
SRR817744.aligned	353636.0
SRR1070479.aligned	276468.0
SRR1078140.aligned	184905.0
SRR1078489.aligned	221652.0
SRR1086280.aligned	236163.0
SRR816316.aligned	311227.0
SRR815661.aligned	235947.0
SRR1077356.aligned	194503.0
SRR613819.aligned	119860.0
SRR663209.aligned	352299.0
SRR1071761.aligned	158814.0
SRR601986.aligned	121770.0
SRR814587.aligned	263558.0
SRR813891.aligned	379765.0
SRR1077334.aligned	235886.0
SRR601311.aligned	207785.0
SRR1077405.aligned	64674.0
SRR1076632.aligned	261755.0
SRR1084505.aligned	181599.0
SRR808682.aligned	262263.0
SRR1084553.aligned	156541.0
SRR808772.aligned	217713.0
SRR665646.aligned	57124.0
SRR1076964.aligned	148588.0
SRR1076441.aligned	229029.0
SRR1102656.aligned	175194.0
SRR807877.aligned	207132.0
SRR1102248.aligned	189267.0
SRR1080044.aligned	350351.0
SRR1099260.aligned	51707.0
SRR1101859.aligned	206004.0
SRR1082471.aligned	265276.0
SRR1098312.aligned	221892.0
SRR1070937.aligned	237969.0
SRR1073045.aligned	171877.0
SRR1075947.aligned	185390.0
SRR660378.aligned	65202.0
SRR1098216.aligned	192031.0
SRR1097708.aligned	181780.0
SRR1081160.aligned	178544.0
SRR658409.aligned	305280.0
SRR1096383.aligned	242701.0
SRR658433.aligned	228371.0
SRR1070232.aligned	201013.0
SRR1093458.aligned	246442.0
SRR655649.aligned	466925.0
SRR655182.aligned	137236.0
SRR655076.aligned	55853.0
SRR654802.aligned	81361.0
SRR1080438.aligned	133024.0
SRR1074980.aligned	175429.0
SRR615153.aligned	146745.0
SRR1090837.aligned	180928.0
SRR1079686.aligned	185321.0
SRR614023.aligned	116476.0
SRR1079434.aligned	178090.0
SRR613795.aligned	222760.0
SRR1072412.aligned	143041.0
SRR1087704.aligned	191494.0
SRR1086680.aligned	178032.0
SRR817166.aligned	318415.0
SRR627427.aligned	63403.0
SRR603918.aligned	248203.0
SRR815869.aligned	266914.0
SRR815542.aligned	364182.0
SRR810945.aligned	56254.0
SRR600656.aligned	158570.0
SRR813959.aligned	294158.0
SRR662775.aligned	193148.0
SRR1120755.aligned	123169.0
SRR1084347.aligned	240956.0
SRR1070525.aligned	179465.0
SRR1102606.aligned	305776.0
SRR809348.aligned	175845.0
SRR1102344.aligned	288953.0
SRR808044.aligned	204234.0
SRR1101175.aligned	215056.0
SRR662474.aligned	230755.0
SRR1076072.aligned	166354.0
SRR1069666.aligned	147644.0
SRR1072626.aligned	175041.0
SRR661005.aligned	302370.0
SRR1099144.aligned	155454.0
SRR659983.aligned	159442.0
SRR659602.aligned	409204.0
SRR658766.aligned	164906.0
SRR1081688.aligned	222631.0
SRR1074790.aligned	265114.0
SRR1096638.aligned	214809.0
SRR657659.aligned	578559.0
SRR1070597.aligned	246778.0
SRR1072700.aligned	216370.0
SRR658445.aligned	290462.0
SRR1095237.aligned	192186.0
SRR656922.aligned	174151.0
SRR1079948.aligned	311884.0
SRR1080720.aligned	191226.0
SRR654754.aligned	103668.0
SRR615189.aligned	108598.0
SRR614107.aligned	220660.0
SRR1089446.aligned	134834.0
SRR1072432.aligned	153209.0
SRR1089619.aligned	240263.0
SRR1089479.aligned	167198.0
SRR613687.aligned	109377.0
SRR613831.aligned	292182.0
SRR613498.aligned	292364.0
SRR613474.aligned	38610.0
SRR1069871.aligned	156055.0
SRR821019.aligned	309674.0
SRR1074189.aligned	247056.0
SRR820078.aligned	351750.0
SRR820402.aligned	331653.0
SRR818573.aligned	310562.0
SRR602564.aligned	118668.0
SRR816517.aligned	311583.0
SRR1073923.aligned	192064.0
SRR815044.aligned	164232.0
SRR1078188.aligned	233369.0
SRR598695.aligned	171023.0
SRR1085712.aligned	148464.0
SRR1085402.aligned	171996.0
SRR1084816.aligned	135647.0
SRR1070503.aligned	229058.0
SRR1102631.aligned	255970.0
SRR1105536.aligned	188566.0
SRR808520.aligned	112251.0
SRR810877.aligned	274032.0
SRR809534.aligned	321535.0
SRR1101015.aligned	264562.0
SRR1101566.aligned	225888.0
SRR1100800.aligned	125194.0
SRR1072676.aligned	251990.0
SRR661687.aligned	283898.0
SRR662174.aligned	240334.0
SRR1099286.aligned	150116.0
SRR660510.aligned	234268.0
SRR1081663.aligned	408430.0
SRR660474.aligned	356888.0
SRR659708.aligned	29492.0
SRR1097368.aligned	168652.0
SRR1071856.aligned	251671.0
SRR1096081.aligned	228330.0
SRR658385.aligned	414680.0
SRR657985.aligned	139711.0
SRR656860.aligned	88483.0
SRR657348.aligned	307837.0
SRR1075631.aligned	161121.0
SRR1094051.aligned	90709.0
SRR1092889.aligned	134804.0
SRR655111.aligned	406786.0
SRR654945.aligned	110982.0
SRR1079830.aligned	226222.0
SRR1073679.aligned	175884.0
SRR1091032.aligned	102573.0
SRR1090145.aligned	182782.0
SRR1090746.aligned	218581.0
SRR613510.aligned	140616.0
SRR613090.aligned	174984.0
SRR608120.aligned	220158.0
SRR1087511.aligned	208366.0
SRR820571.aligned	289883.0
SRR820049.aligned	365889.0
SRR1073755.aligned	193281.0
SRR1077380.aligned	244786.0
SRR1085087.aligned	222520.0
SRR1085015.aligned	201589.0
SRR662390.aligned	306141.0
SRR663149.aligned	309672.0
SRR662918.aligned	69347.0
SRR811653.aligned	373198.0
SRR1105417.aligned	177661.0
SRR1101693.aligned	169653.0
SRR807679.aligned	265924.0
SRR809113.aligned	297325.0
SRR808886.aligned	277638.0
SRR665514.aligned	89488.0
SRR1101280.aligned	174028.0
SRR1076170.aligned	291505.0
SRR663537.aligned	229347.0
SRR1099981.aligned	178650.0
SRR1099881.aligned	206357.0
SRR661505.aligned	316159.0
SRR1082376.aligned	303779.0
SRR661735.aligned	340255.0
SRR661409.aligned	83780.0
SRR661433.aligned	22841.0
SRR1081886.aligned	224429.0
SRR660236.aligned	180034.0
SRR1098264.aligned	217871.0
SRR659187.aligned	364576.0
SRR658730.aligned	365574.0
SRR1080811.aligned	294078.0
SRR1094482.aligned	197322.0
SRR1093885.aligned	237063.0
SRR1092961.aligned	221027.0
SRR1091119.aligned	278697.0
SRR627459.aligned	319901.0
SRR615299.aligned	30253.0
SRR1079408.aligned	281936.0
SRR614143.aligned	68701.0
SRR615044.aligned	104105.0
SRR612779.aligned	245280.0
SRR613699.aligned	109128.0
SRR1079522.aligned	164176.0
SRR1079168.aligned	99356.0
SRR1068880.aligned	299144.0
SRR1078735.aligned	165763.0
SRR820518.aligned	275735.0
SRR604206.aligned	113121.0
SRR1088316.aligned	167074.0
SRR603776.aligned	234022.0
SRR604074.aligned	273808.0
SRR813848.aligned	208685.0
SRR813915.aligned	262598.0
SRR599025.aligned	165789.0
SRR811285.aligned	407587.0
SRR1102973.aligned	155019.0
SRR1120363.aligned	110535.0
SRR809161.aligned	185035.0
SRR1069967.aligned	234934.0
SRR665357.aligned	464731.0
SRR1084991.aligned	214165.0
SRR663573.aligned	332962.0
SRR665429.aligned	207494.0
SRR614239.aligned	198509.0
SRR1084180.aligned	184300.0
SRR656588.aligned	211461.0
SRR659133.aligned	367009.0
SRR659319.aligned	83627.0
SRR1096432.aligned	428576.0
SRR660091.aligned	326627.0
SRR659212.aligned	217554.0
SRR1097594.aligned	196102.0
SRR658645.aligned	146155.0
SRR656035.aligned	562482.0
SRR1081116.aligned	174025.0
SRR655555.aligned	441390.0
SRR1092612.aligned	230620.0
SRR1092541.aligned	66760.0
SRR615958.aligned	162050.0
SRR654886.aligned	160330.0
SRR615575.aligned	183984.0
SRR1091008.aligned	278264.0
SRR614206.aligned	93173.0
SRR614575.aligned	120369.0
SRR613318.aligned	157075.0
SRR601038.aligned	49653.0
SRR612839.aligned	112067.0
SRR820839.aligned	244865.0
SRR1088878.aligned	110060.0
SRR1089833.aligned	204428.0
SRR612515.aligned	191022.0
SRR818646.aligned	327238.0
SRR818499.aligned	358724.0
SRR608150.aligned	247467.0
SRR612239.aligned	81095.0
SRR1086844.aligned	169411.0
SRR1069188.aligned	166808.0
SRR661385.aligned	91281.0
SRR815685.aligned	330969.0
SRR815446.aligned	337359.0
SRR815140.aligned	182149.0
SRR813935.aligned	140637.0
SRR1087439.aligned	181170.0
SRR662966.aligned	180981.0
SRR602106.aligned	156215.0
SRR602169.aligned	262850.0
SRR1078042.aligned	181632.0
SRR812436.aligned	287227.0
SRR598671.aligned	142242.0
SRR1085495.aligned	194587.0
SRR597952.aligned	225888.0
SRR1105489.aligned	316292.0
SRR808299.aligned	307981.0
SRR1102393.aligned	233008.0
SRR807849.aligned	308786.0
SRR663729.aligned	174495.0
SRR1077239.aligned	211031.0
SRR1101128.aligned	226351.0
SRR1100346.aligned	160183.0
SRR661961.aligned	165314.0
SRR661818.aligned	158268.0
SRR661445.aligned	316315.0
SRR1083776.aligned	215344.0
SRR660969.aligned	279911.0
SRR659104.aligned	231236.0
SRR1097172.aligned	244029.0
SRR657891.aligned	187923.0
SRR1081789.aligned	247823.0
SRR657516.aligned	296079.0
SRR656994.aligned	401648.0
SRR657089.aligned	85063.0
SRR1095285.aligned	194110.0
SRR1093390.aligned	181063.0
SRR655590.aligned	14736.0
SRR1092842.aligned	242625.0
SRR615407.aligned	28077.0
SRR1092797.aligned	157426.0
SRR615020.aligned	58356.0
SRR1090722.aligned	240547.0
SRR1088832.aligned	265275.0
SRR1090359.aligned	191079.0
SRR612971.aligned	211737.0
SRR612203.aligned	78128.0
SRR607406.aligned	110167.0
SRR820468.aligned	348019.0
SRR612875.aligned	142208.0
SRR818670.aligned	283761.0
SRR817094.aligned	310161.0
SRR817609.aligned	241484.0
SRR816201.aligned	286869.0
SRR657139.aligned	58064.0
SRR815280.aligned	351463.0
SRR816064.aligned	255335.0
SRR1088389.aligned	185565.0
SRR603004.aligned	298166.0
SRR602598.aligned	80645.0
SRR814539.aligned	329798.0
SRR602058.aligned	316590.0
SRR598452.aligned	328282.0
SRR1073605.aligned	171862.0
SRR812012.aligned	273124.0
SRR810957.aligned	278346.0
SRR1069166.aligned	221392.0
SRR1105369.aligned	236488.0
SRR1102852.aligned	283930.0
SRR1101324.aligned	136828.0
SRR663585.aligned	130372.0
SRR808942.aligned	369390.0
SRR1102804.aligned	152980.0
SRR808196.aligned	354865.0
SRR1101981.aligned	157039.0
SRR1082933.aligned	125500.0
SRR662438.aligned	357887.0
SRR1083678.aligned	212518.0
SRR1083983.aligned	123812.0
SRR662233.aligned	384111.0
SRR1084154.aligned	177093.0
SRR659001.aligned	83190.0
SRR1097688.aligned	238887.0
SRR1083031.aligned	225747.0
SRR656516.aligned	99588.0
SRR1095309.aligned	345328.0
SRR656934.aligned	376389.0
SRR654838.aligned	219337.0
SRR614767.aligned	35767.0
SRR615177.aligned	131313.0
SRR614972.aligned	32617.0
SRR614852.aligned	47668.0
SRR1079480.aligned	225436.99999999997
SRR1091230.aligned	184717.0
SRR613771.aligned	197291.0
SRR1079636.aligned	218483.0
SRR1090431.aligned	146541.0
SRR612695.aligned	96090.0
SRR820133.aligned	393667.0
SRR1074602.aligned	146892.0
SRR1089106.aligned	205869.0
SRR1068953.aligned	143402.0
SRR1088856.aligned	175357.0
SRR1077992.aligned	317822.0
SRR603140.aligned	94533.0
SRR815116.aligned	346610.0
SRR1078066.aligned	104350.0
SRR662534.aligned	251563.0
SRR814633.aligned	269357.0
SRR600876.aligned	197961.0
SRR813704.aligned	361438.0
SRR811607.aligned	172212.0
SRR1120711.aligned	203253.0
SRR1069121.aligned	212927.0
SRR810665.aligned	317443.0
SRR810507.aligned	174276.0
SRR1105320.aligned	157806.0
SRR1071289.aligned	58115.0
SRR808638.aligned	208460.0
SRR807799.aligned	351210.0
SRR807613.aligned	383462.0
SRR1070863.aligned	180464.0
SRR665274.aligned	108577.0
SRR665393.aligned	122388.0
SRR1070184.aligned	187771.0
SRR661120.aligned	67419.0
SRR658009.aligned	198829.0
SRR1099931.aligned	158386.0
SRR661913.aligned	129194.0
SRR1098543.aligned	152633.0
SRR1073291.aligned	171854.0
SRR659367.aligned	103805.0
SRR1098903.aligned	213633.0
SRR659484.aligned	433133.0
SRR1072749.aligned	184176.0
SRR656946.aligned	181870.0
SRR1074719.aligned	190269.0
SRR1095768.aligned	208387.0
SRR1094027.aligned	164410.0
SRR614011.aligned	50072.0
SRR1080766.aligned	161195.0
SRR1092985.aligned	75352.0
SRR613915.aligned	173941.0
SRR1074839.aligned	168675.0
SRR613354.aligned	99905.0
SRR1090070.aligned	222977.0
SRR1078465.aligned	236606.0
SRR1072078.aligned	150268.0
SRR1079189.aligned	235972.0
SRR608512.aligned	263947.0
SRR819771.aligned	229250.0
SRR817751.aligned	353920.0
SRR819054.aligned	193134.0
SRR818146.aligned	248464.0
SRR1088413.aligned	115525.0
SRR816427.aligned	327210.0
SRR818418.aligned	492176.0
SRR1077728.aligned	260861.0
SRR817686.aligned	293228.0
SRR598396.aligned	162868.0
SRR817856.aligned	289923.0
SRR1069991.aligned	168438.0
SRR1087055.aligned	208243.0
SRR816945.aligned	358119.0
SRR816123.aligned	485557.0
SRR1105248.aligned	160372.0
SRR662811.aligned	219694.0
SRR1120296.aligned	185781.0
SRR1071157.aligned	202372.0
SRR812104.aligned	350919.0
SRR811839.aligned	334465.0
SRR1085736.aligned	182780.0
SRR1076343.aligned	219520.0
SRR809807.aligned	302971.0
SRR809470.aligned	314163.0
SRR808590.aligned	119882.0
SRR1099023.aligned	120919.0
SRR1073191.aligned	0.0
SRR662114.aligned	200370.0
SRR1097055.aligned	207442.0
SRR662138.aligned	175669.0
SRR1083100.aligned	240082.0
SRR1096966.aligned	244779.0
SRR1096616.aligned	201484.0
SRR659555.aligned	374771.0
SRR1095575.aligned	195041.0
SRR659460.aligned	137921.0
SRR658989.aligned	122396.0
SRR1070260.aligned	285218.0
SRR1081741.aligned	229593.0
SRR1075804.aligned	98034.99999999999
SRR1074956.aligned	208805.0
SRR612755.aligned	62354.0
SRR607611.aligned	219824.0
SRR1090022.aligned	220906.0
SRR1090167.aligned	289314.0
SRR1091254.aligned	150310.0
SRR607067.aligned	86633.0
SRR607166.aligned	287346.0
SRR606982.aligned	318004.0
SRR1079380.aligned	175801.0
SRR1087345.aligned	205013.0
SRR603800.aligned	338403.0
SRR823967.aligned	323835.0
SRR821518.aligned	338613.0
SRR660685.aligned	50511.0
SRR602704.aligned	282502.0
SRR602753.aligned	285117.0
SRR819820.aligned	322724.0
SRR1087968.aligned	195410.0
SRR819096.aligned	336950.0
SRR819975.aligned	326903.0
SRR1085565.aligned	198145.0
SRR818469.aligned	138796.0
SRR1069778.aligned	93662.0
SRR816920.aligned	205617.0
SRR598428.aligned	307535.0
SRR1077455.aligned	212488.0
SRR1105057.aligned	155973.0
SRR1120891.aligned	214231.0
SRR662546.aligned	204609.0
SRR663026.aligned	98511.0
SRR814747.aligned	232112.0
SRR1076801.aligned	186809.0
SRR1102923.aligned	153320.0
SRR1102705.aligned	167801.0
SRR1103092.aligned	155879.0
SRR1101765.aligned	265781.0
SRR1073317.aligned	177678.0
SRR1085310.aligned	125815.0
SRR811938.aligned	336254.0
SRR811559.aligned	347553.0
SRR811675.aligned	397145.0
SRR809406.aligned	268728.0
SRR1072845.aligned	233884.0
SRR809209.aligned	358794.0
SRR808994.aligned	303797.0
SRR1099598.aligned	192273.0
SRR665466.aligned	123804.0
SRR1076657.aligned	215666.0
SRR1098807.aligned	191984.0
SRR1097245.aligned	284468.0
SRR1098074.aligned	221513.0
SRR1076681.aligned	161792.0
SRR1097642.aligned	176345.0
SRR660847.aligned	202000.0
SRR1082352.aligned	192031.0
SRR1095479.aligned	148404.0
SRR1076847.aligned	30170.0
SRR1093366.aligned	233322.0
SRR1074622.aligned	204243.0
SRR655887.aligned	188971.0
SRR656153.aligned	219643.0
SRR615503.aligned	115805.0
SRR614719.aligned	100786.0
SRR613711.aligned	299018.0
SRR1074450.aligned	189322.0
SRR612335.aligned	215911.0
SRR607190.aligned	277253.0
SRR1095549.aligned	170346.0
SRR1073531.aligned	197145.0
SRR1089054.aligned	189608.0
SRR1078879.aligned	227303.0
SRR603397.aligned	178836.0
SRR603365.aligned	342162.0
SRR820492.aligned	220091.0
SRR613735.aligned	98984.0
SRR614119.aligned	68332.0
SRR613879.aligned	48404.0
SRR1085825.aligned	260039.0
SRR1078020.aligned	254597.0
SRR615081.aligned	240093.0
SRR615273.aligned	49090.0
SRR615261.aligned	207886.0
SRR597927.aligned	235316.0
SRR1078114.aligned	179977.0
SRR1105224.aligned	202043.0
SRR655840.aligned	240184.0
SRR1084867.aligned	307349.0
SRR657540.aligned	75364.0
SRR1084790.aligned	263276.0
SRR659533.aligned	58181.0
SRR1099072.aligned	231110.0
SRR658681.aligned	110064.0
SRR1084276.aligned	207282.0
SRR661949.aligned	224620.0
SRR1076292.aligned	230642.0
SRR1083191.aligned	199186.0
SRR1097124.aligned	162651.0
SRR663645.aligned	166185.0
SRR1083052.aligned	230038.0
SRR663657.aligned	198444.0
SRR810105.aligned	304030.0
SRR1096007.aligned	165607.0
SRR810713.aligned	309234.0
SRR812080.aligned	336635.0
SRR613006.aligned	100880.0
SRR1080270.aligned	233414.0
SRR1092686.aligned	211738.0
SRR1091841.aligned	212896.0
SRR1079924.aligned	226527.0
SRR606974.aligned	108228.0
SRR1074041.aligned	292658.0
SRR1068788.aligned	201934.0
SRR601815.aligned	183962.0
SRR1090580.aligned	207310.0
SRR1073413.aligned	268816.0
SRR819719.aligned	210839.0
SRR1089877.aligned	182764.0
SRR819919.aligned	335153.0
SRR818850.aligned	422136.0
SRR815494.aligned	113117.0
SRR1088192.aligned	263198.0
SRR601755.aligned	158303.0
SRR815092.aligned	279861.0
SRR1087801.aligned	238665.0
SRR1078709.aligned	175031.0
SRR602389.aligned	206299.0
SRR602516.aligned	258691.0
SRR613963.aligned	141450.0
SRR614491.aligned	38390.0
SRR598364.aligned	392651.0
SRR600584.aligned	222222.0
SRR1103143.aligned	219649.0
SRR614095.aligned	39226.0
SRR1086772.aligned	234980.0
SRR1069024.aligned	41085.0
SRR1101106.aligned	234457.0
SRR627441.aligned	6779.0
SRR656552.aligned	48665.0
SRR656247.aligned	189581.0
SRR1096571.aligned	48418.0
SRR1101397.aligned	161687.0
SRR1100893.aligned	206821.0
SRR658621.aligned	81316.0
SRR1069490.aligned	280633.0
SRR659223.aligned	426023.0
SRR659412.aligned	285127.0
SRR659899.aligned	250898.0
SRR1100540.aligned	190093.0
SRR1077139.aligned	233511.0
SRR1098288.aligned	148426.0
SRR661179.aligned	171201.0
SRR1098785.aligned	196797.0
SRR661349.aligned	266261.0
SRR661529.aligned	81193.0
SRR657623.aligned	161038.0
SRR657707.aligned	201966.0
SRR1083892.aligned	142163.0
SRR1096987.aligned	169850.0
SRR1082909.aligned	217841.0
SRR1093837.aligned	239343.0
SRR1094506.aligned	69438.0
SRR1094312.aligned	190477.0
SRR1095651.aligned	140634.0
SRR810225.aligned	210599.0
SRR811915.aligned	204201.0
SRR1074474.aligned	237863.0
SRR1093673.aligned	194689.0
SRR663088.aligned	184302.0
SRR662823.aligned	357976.0
SRR1081332.aligned	159690.0
SRR662954.aligned	337658.0
SRR1093861.aligned	119295.0
SRR1092232.aligned	272171.0
SRR1090508.aligned	49779.0
SRR608718.aligned	249125.0
SRR1092160.aligned	177701.0
SRR612380.aligned	207725.0
SRR612275.aligned	95964.0
SRR1091164.aligned	204595.0
SRR1090457.aligned	200453.0
SRR661651.aligned	104428.0
SRR1096033.aligned	178466.0
SRR820623.aligned	497594.0
SRR1090095.aligned	115336.0
SRR820779.aligned	142097.0
SRR1089424.aligned	147721.0
SRR819867.aligned	286309.0
SRR603596.aligned	203426.0
SRR601723.aligned	410679.0
SRR1069255.aligned	190350.0
SRR819583.aligned	310635.0
SRR817070.aligned	386933.0
SRR1085900.aligned	242425.0
SRR1073971.aligned	171495.0
SRR1120869.aligned	210848.0
SRR1072650.aligned	108130.0
SRR1086188.aligned	152483.0
SRR1120318.aligned	197468.0
SRR814341.aligned	313150.0
SRR812625.aligned	297558.0
SRR813395.aligned	396965.0
SRR1102443.aligned	211671.0
SRR811447.aligned	409032.0
SRR1102005.aligned	145900.0
SRR1096247.aligned	136547.0
SRR809785.aligned	322894.0
SRR1084460.aligned	174989.0
SRR1100005.aligned	135590.0
SRR664935.aligned	169578.0
SRR664025.aligned	323605.0
SRR1082401.aligned	201464.0
SRR1075707.aligned	214613.0
SRR1097148.aligned	214819.0
SRR660079.aligned	216914.0
SRR1096712.aligned	219104.0
SRR661155.aligned	181737.0
SRR1071955.aligned	95370.0
SRR1072223.aligned	201852.0
SRR627455.aligned	95066.0
SRR615129.aligned	207615.0
SRR614191.aligned	126556.0
SRR613927.aligned	149429.0
SRR1089158.aligned	339996.0
SRR613579.aligned	241901.0
SRR613270.aligned	138629.0
SRR1090952.aligned	235462.0
SRR1079591.aligned	157344.0
SRR1090407.aligned	214243.0
SRR607887.aligned	240824.0
SRR1089785.aligned	202332.0
SRR1088982.aligned	183712.0
SRR1088934.aligned	224024.0
SRR599346.aligned	314500.0
SRR601695.aligned	182053.0
SRR1069826.aligned	134490.0
SRR603268.aligned	235611.0
SRR820655.aligned	166820.0
SRR820709.aligned	361961.0
SRR1086935.aligned	245956.0
SRR820292.aligned	129704.0
SRR820810.aligned	282756.0
SRR819658.aligned	363243.0
SRR818694.aligned	381431.0
SRR1086490.aligned	214966.0
SRR1086417.aligned	183588.0
SRR1069590.aligned	234437.0
SRR1077781.aligned	171703.0
SRR1069445.aligned	174526.0
SRR810853.aligned	60820.0
SRR662617.aligned	429953.0
SRR1085426.aligned	252001.0
SRR662799.aligned	219316.0
SRR1102418.aligned	281982.0
SRR813656.aligned	154304.0
SRR812152.aligned	256847.0
SRR808566.aligned	237526.0
SRR807637.aligned	119013.0
SRR663453.aligned	313686.0
SRR663404.aligned	153329.0
SRR662378.aligned	379520.0
SRR1072797.aligned	225882.0
SRR662067.aligned	165725.0
SRR661337.aligned	169829.0
SRR1069539.aligned	200402.0
SRR660188.aligned	304011.0
SRR1095720.aligned	171627.0
SRR1082128.aligned	217296.0
SRR660103.aligned	182130.0
SRR1094073.aligned	202713.0
SRR1095695.aligned	233054.0
SRR658657.aligned	494747.0
SRR1094457.aligned	265117.0
SRR657313.aligned	338020.0
SRR1093552.aligned	199850.0
SRR656300.aligned	171360.0
SRR655804.aligned	228857.0
SRR654969.aligned	443308.0
SRR1092749.aligned	210931.0
SRR654814.aligned	45524.0
SRR627464.aligned	95722.0
SRR615766.aligned	82800.0
SRR613568.aligned	170059.0
SRR1091328.aligned	161458.0
SRR1090626.aligned	199348.0
SRR612719.aligned	17140.0
SRR612815.aligned	24270.0
SRR608694.aligned	212820.0
SRR1089664.aligned	148269.0
SRR1073899.aligned	173673.0
SRR658224.aligned	507025.0
SRR660638.aligned	328597.0
SRR815164.aligned	192370.0
SRR663038.aligned	252051.0
SRR814293.aligned	290378.0
SRR1077874.aligned	210882.0
SRR809919.aligned	250378.0
SRR1077479.aligned	164689.0
SRR1075603.aligned	363697.0
SRR1083632.aligned	283480.0
SRR1076940.aligned	156407.0
SRR1083868.aligned	211516.0
SRR665298.aligned	87669.0
SRR1083939.aligned	146857.0
SRR662257.aligned	646253.0
SRR1098474.aligned	108027.0
SRR662282.aligned	59294.0
SRR660462.aligned	254362.0
SRR1071181.aligned	165855.0
SRR661167.aligned	204145.0
SRR1097837.aligned	180737.0
SRR1083076.aligned	164566.0
SRR1069850.aligned	174422.0
SRR1082328.aligned	188811.0
SRR658421.aligned	202532.0
SRR657101.aligned	89540.0
SRR655852.aligned	153552.0
SRR655064.aligned	340787.0
SRR1094241.aligned	210320.0
SRR1094168.aligned	224015.0
SRR615731.aligned	37260.0
SRR1092136.aligned	200263.0
SRR615032.aligned	131418.0
SRR614839.aligned	14304.0
SRR1091695.aligned	242839.0
SRR1091966.aligned	223848.0
SRR1091645.aligned	245574.0
SRR1091428.aligned	132984.0
SRR613896.aligned	141632.0
SRR608428.aligned	75891.0
SRR1071403.aligned	185067.0
SRR1079543.aligned	137844.0
SRR821255.aligned	414667.0
SRR1088782.aligned	146164.0
SRR612863.aligned	191539.0
SRR820256.aligned	272331.0
SRR1089134.aligned	224943.0
SRR1089207.aligned	185542.0
SRR608368.aligned	174407.0
SRR817373.aligned	128895.0
SRR818749.aligned	364354.0
SRR818773.aligned	184485.0
SRR602217.aligned	73369.0
SRR818440.aligned	309306.0
SRR604098.aligned	329607.0
SRR817563.aligned	234266.0
SRR817210.aligned	375300.0
SRR598509.aligned	56415.0
SRR815944.aligned	304206.0
SRR1086466.aligned	137464.0
SRR1086349.aligned	195453.0
SRR1086328.aligned	195054.0
SRR662749.aligned	66216.0
SRR1085662.aligned	205640.0
SRR662677.aligned	229820.0
SRR814563.aligned	327056.0
SRR1086585.aligned	173535.0
SRR599086.aligned	160524.0
SRR811379.aligned	141282.0
SRR1085378.aligned	211181.0
SRR810177.aligned	344728.0
SRR809089.aligned	233740.0
SRR1084417.aligned	127860.0
SRR809427.aligned	110934.0
SRR1102875.aligned	178575.0
SRR808272.aligned	346558.0
SRR809698.aligned	254849.0
SRR665241.aligned	36772.0
SRR1084252.aligned	221957.0
SRR807517.aligned	336524.0
SRR1100440.aligned	240343.0
SRR1099499.aligned	199438.0
SRR1099354.aligned	181586.0
SRR1082784.aligned	229926.0
SRR1083005.aligned	165750.0
SRR1097197.aligned	187466.0
SRR662221.aligned	217967.0
SRR661481.aligned	112010.0
SRR661074.aligned	210239.0
SRR1082011.aligned	174563.0
SRR659355.aligned	147378.0
SRR1096149.aligned	268754.0
SRR658469.aligned	218577.0
SRR615790.aligned	250937.0
SRR1079900.aligned	107194.0
SRR655017.aligned	382666.0
SRR615754.aligned	136716.0
SRR1072247.aligned	262037.0
SRR1093747.aligned	162116.0
SRR1093314.aligned	209023.0
SRR615225.aligned	126694.0
SRR1074385.aligned	151868.0
SRR1092305.aligned	184343.0
SRR614527.aligned	25106.0
SRR613214.aligned	73867.0
SRR1079502.aligned	191031.0
SRR1089643.aligned	237417.0
SRR820350.aligned	386022.0
SRR602784.aligned	76920.0
SRR603292.aligned	218587.0
SRR820157.aligned	363811.0
SRR1087559.aligned	169585.0
SRR604026.aligned	159908.0
SRR818999.aligned	319723.0
SRR1070573.aligned	185913.0
SRR818033.aligned	385805.0
SRR1073775.aligned	189882.0
SRR599192.aligned	284931.0
SRR601549.aligned	316375.0
SRR817026.aligned	264650.0
SRR817397.aligned	318498.0
SRR601477.aligned	276998.0
SRR1105441.aligned	240247.0
SRR815184.aligned	269349.0
SRR1092422.aligned	46992.0
SRR814868.aligned	221917.0
SRR658105.aligned	288286.0
SRR662342.aligned	85777.0
SRR1121031.aligned	231719.0
SRR1105344.aligned	246729.0
SRR814028.aligned	594196.0
SRR1105296.aligned	187014.0
SRR810689.aligned	148012.0
SRR1077429.aligned	195267.0
SRR1103024.aligned	217677.0
SRR810319.aligned	324339.0
SRR809897.aligned	326803.0
SRR808836.aligned	268492.0
SRR661877.aligned	307060.0
SRR662150.aligned	151664.0
SRR1098405.aligned	161312.0
SRR660709.aligned	198663.0
SRR661290.aligned	493241.0
SRR660812.aligned	370767.0
SRR658501.aligned	92921.0
SRR655732.aligned	270762.0
SRR655519.aligned	245574.0
SRR615742.aligned	111872.0
SRR1093075.aligned	196299.0
SRR614587.aligned	296168.0
SRR1080977.aligned	56059.0
SRR1073631.aligned	172109.0
SRR607018.aligned	80175.0
SRR612635.aligned	80662.0
SRR608288.aligned	311190.0
SRR608264.aligned	159589.0
SRR1070549.aligned	160904.0
SRR820280.aligned	382501.0
SRR817046.aligned	117843.0
SRR1072504.aligned	302627.0
SRR601868.aligned	116626.0
SRR1085259.aligned	167107.0
SRR602193.aligned	211356.0
SRR656071.aligned	141234.0
SRR812970.aligned	190897.0
SRR813431.aligned	478807.0
SRR813137.aligned	290899.00000000006
SRR1077687.aligned	156841.0
SRR809619.aligned	107340.0
SRR1100776.aligned	109958.0
SRR810273.aligned	232654.0
SRR1100941.aligned	238222.0
SRR1101421.aligned	284302.0
SRR665551.aligned	305290.0
SRR1076317.aligned	300338.0
SRR809853.aligned	228334.0
SRR808496.aligned	333959.0
SRR658057.aligned	182963.0
SRR661925.aligned	137309.0
SRR660883.aligned	324439.0
SRR659283.aligned	126984.0
SRR1075898.aligned	219336.0
SRR1068832.aligned	204453.0
SRR656445.aligned	95739.0
SRR656886.aligned	317197.0
SRR1094003.aligned	168080.0
SRR1094580.aligned	164128.0
SRR1093577.aligned	101730.0
SRR1092662.aligned	178231.0
SRR1092636.aligned	174819.0
SRR613438.aligned	181724.0
SRR612611.aligned	232171.0
SRR1089853.aligned	195055.0
SRR612178.aligned	213847.0
SRR1074430.aligned	198643.0
SRR612227.aligned	131696.0
SRR820733.aligned	185226.0
SRR821183.aligned	244904.0
SRR1069400.aligned	215649.0
SRR598172.aligned	46853.0
SRR815302.aligned	331730.0
SRR603212.aligned	195235.0
SRR663197.aligned	52807.0
SRR814387.aligned	424681.0
SRR663124.aligned	253480.0
SRR614395.aligned	217709.0
SRR1069514.aligned	222447.0
SRR1075874.aligned	191704.0
SRR812536.aligned	112441.0
SRR1072895.aligned	263802.0
SRR599486.aligned	122711.0
SRR811795.aligned	298073.0
SRR811631.aligned	370930.0
SRR810551.aligned	221928.0
SRR810051.aligned	257953.00000000003
SRR1077066.aligned	201516.0
SRR1085590.aligned	204117.0
SRR1084941.aligned	152775.0
SRR809043.aligned	299820.0
SRR1076511.aligned	157401.0
SRR1076465.aligned	225656.0
SRR1068929.aligned	173494.0
SRR1099905.aligned	191616.0
SRR662186.aligned	174553.0
SRR659507.aligned	345774.0
SRR661493.aligned	63522.0
SRR1083360.aligned	154449.0
SRR660366.aligned	220294.99999999997
SRR1097777.aligned	124460.0
SRR1096525.aligned	233841.0
SRR1096782.aligned	185327.0
SRR1096222.aligned	281417.0
SRR1096267.aligned	133435.0
SRR658362.aligned	405143.0
SRR658319.aligned	238434.0
SRR1075683.aligned	219992.0
SRR1081765.aligned	193044.0
SRR1069352.aligned	162510.0
SRR656770.aligned	367221.0
SRR1075314.aligned	241076.0
SRR656758.aligned	315055.0
SRR656191.aligned	201448.0
SRR614827.aligned	263599.0
SRR1068687.aligned	220709.0
SRR1074337.aligned	195466.0
SRR613675.aligned	57775.0
SRR613366.aligned	172936.0
SRR613342.aligned	75255.0
SRR612947.aligned	148801.0
SRR612683.aligned	76542.0
SRR1088537.aligned	104502.0
SRR820689.aligned	144630.0
SRR818270.aligned	236896.0
SRR816745.aligned	71765.0
SRR1087875.aligned	180646.0
SRR816451.aligned	428189.0
SRR604366.aligned	209319.0
SRR815637.aligned	355845.0
SRR661133.aligned	46660.0
SRR815470.aligned	210233.0
SRR602540.aligned	215857.0
SRR602282.aligned	178428.0
SRR662570.aligned	486579.0
SRR1086611.aligned	238661.0
SRR1072104.aligned	149078.0
SRR814052.aligned	279649.0
SRR814108.aligned	307282.0
SRR811073.aligned	292705.0
SRR810805.aligned	411038.0
SRR1102103.aligned	270603.0
SRR660957.aligned	111982.0
SRR1070913.aligned	192085.0
SRR660555.aligned	476318.0
SRR1098974.aligned	199657.0
SRR1069638.aligned	198185.0
SRR1098240.aligned	157645.0
SRR1097013.aligned	288402.0
SRR1082520.aligned	214309.0
SRR1096500.aligned	333148.0
SRR658719.aligned	69916.0
SRR1095334.aligned	227060.0
SRR657528.aligned	126922.0
SRR1081519.aligned	203742.0
SRR656349.aligned	485757.0
SRR1072031.aligned	200383.0
SRR1073021.aligned	86640.0
SRR1093218.aligned	209522.0
SRR1081425.aligned	129228.99999999999
SRR1075360.aligned	222964.0
SRR1075923.aligned	160900.0
SRR615311.aligned	71231.0
SRR614371.aligned	250427.0
SRR614936.aligned	221518.0
SRR1091942.aligned	182234.0
SRR614071.aligned	147868.0
SRR1091476.aligned	199646.0
SRR1075247.aligned	151332.0
SRR1072199.aligned	109613.0
SRR821096.aligned	309033.0
SRR819999.aligned	361575.0
SRR819559.aligned	339285.0
SRR818057.aligned	192981.0
SRR816839.aligned	389158.0
SRR815568.aligned	209532.0
SRR662558.aligned	337328.0
SRR814703.aligned	386080.0
SRR601645.aligned	174834.0
SRR814447.aligned	186792.0
SRR812673.aligned	325383.0
SRR1120803.aligned	252423.0
SRR808704.aligned	385914.0
SRR1086070.aligned	125254.0
SRR663440.aligned	224538.0
SRR1073167.aligned	84791.0
SRR1102055.aligned	214196.0
SRR660545.aligned	140444.0
SRR661854.aligned	60026.0
SRR1084529.aligned	189715.0
SRR662306.aligned	413765.0
SRR659875.aligned	69027.0
SRR660330.aligned	257507.0
SRR1084602.aligned	228149.0
SRR1072998.aligned	211334.0
SRR661216.aligned	314846.0
SRR659331.aligned	282625.0
SRR1082759.aligned	129473.0
SRR1071931.aligned	83463.0
SRR1096924.aligned	185970.0
SRR656528.aligned	245312.0
SRR1082423.aligned	244575.0
SRR1096057.aligned	243337.0
SRR656179.aligned	374791.0
SRR1082664.aligned	201603.99999999997
SRR1094555.aligned	254341.0
SRR654850.aligned	281081.0
SRR1070358.aligned	240823.0
SRR1081813.aligned	229752.0
SRR1081283.aligned	283131.0
SRR615383.aligned	121735.0
SRR615467.aligned	99848.0
SRR1080903.aligned	196177.0
SRR614347.aligned	77640.0
SRR1081023.aligned	174502.0
SRR1080742.aligned	260195.0
SRR1090217.aligned	174413.0
SRR1089809.aligned	234674.0
SRR612551.aligned	265500.0
SRR1089078.aligned	192076.0
SRR600924.aligned	85552.0
SRR607863.aligned	405167.0
SRR821549.aligned	283374.0
SRR607252.aligned	139636.0
SRR1087487.aligned	61872.0
SRR815920.aligned	264630.0
SRR816865.aligned	320089.0
SRR603658.aligned	83293.0
SRR1078636.aligned	222856.0
SRR814611.aligned	225931.0
SRR599249.aligned	161224.0
SRR814768.aligned	373155.0
SRR1087173.aligned	237187.0
SRR598862.aligned	177410.0
SRR1078586.aligned	183605.0
SRR1087079.aligned	182137.0
SRR1071231.aligned	107865.0
SRR599225.aligned	282838.0
SRR811237.aligned	360908.0
SRR810249.aligned	197541.0
SRR809018.aligned	349714.0
SRR808220.aligned	281597.0
SRR1102538.aligned	214699.0
SRR665334.aligned	370808.0
SRR664048.aligned	127441.0
SRR662498.aligned	163454.0
SRR1102198.aligned	185696.0
SRR1085358.aligned	189206.0
SRR660602.aligned	131101.0
SRR1101085.aligned	220648.0
SRR661779.aligned	161533.0
SRR661973.aligned	420513.0
SRR1076823.aligned	181791.0
SRR661028.aligned	247253.0
SRR1099546.aligned	206701.0
SRR1097417.aligned	166641.0
SRR658021.aligned	252920.0
SRR1082616.aligned	227128.0
SRR657731.aligned	239634.0
SRR655447.aligned	511749.0
SRR1089737.aligned	146592.0
SRR655194.aligned	146473.0
SRR1073069.aligned	169483.0
SRR655265.aligned	104864.0
SRR1093290.aligned	229148.0
SRR1072821.aligned	134695.0
SRR1092727.aligned	207833.0
SRR1069303.aligned	309911.0
SRR615141.aligned	98784.0
SRR1081381.aligned	144342.0
SRR1091548.aligned	150895.0
SRR1092208.aligned	197450.0
SRR1091278.aligned	215687.0
SRR613591.aligned	159560.0
SRR1071737.aligned	191744.0
SRR1074526.aligned	172748.0
SRR612503.aligned	38658.0
SRR1080624.aligned	102749.0
SRR612731.aligned	95150.0
SRR1071668.aligned	129854.0
SRR819844.aligned	368600.0
SRR607538.aligned	137664.0
SRR818139.aligned	272509.0
SRR818530.aligned	246054.0
SRR817649.aligned	299526.0
SRR817118.aligned	288448.0
SRR1088217.aligned	213889.0
SRR816892.aligned	242592.0
SRR661589.aligned	478686.0
SRR603236.aligned	211357.0
SRR602461.aligned	128924.0
SRR1088016.aligned	226714.0
SRR1088437.aligned	140502.0
SRR601445.aligned	253285.0
SRR819124.aligned	330462.0
SRR817880.aligned	327086.0
SRR1085211.aligned	193519.0
SRR814515.aligned	337293.0
SRR810643.aligned	354368.0
SRR811403.aligned	205390.0
SRR809667.aligned	420369.0
SRR1077090.aligned	200604.0
SRR663609.aligned	43315.0
SRR665670.aligned	282886.0
SRR1100419.aligned	217932.0
SRR1097344.aligned	254714.0
SRR657973.aligned	266846.0
SRR1083959.aligned	182583.0
SRR1098336.aligned	139976.0
SRR660212.aligned	291531.0
SRR1096662.aligned	125118.0
SRR1096687.aligned	245408.0
SRR657869.aligned	107142.0
SRR1095675.aligned	167370.0
SRR1093721.aligned	156943.0
SRR1095455.aligned	175932.0
SRR654993.aligned	346513.0
SRR656131.aligned	417562.0
SRR656874.aligned	294115.0
SRR656794.aligned	465484.0
SRR654766.aligned	120886.0
SRR615431.aligned	226006.0
SRR1091767.aligned	210973.0
SRR613843.aligned	177880.0
SRR607502.aligned	287972.0
SRR607647.aligned	242662.0
SRR608598.aligned	135535.0
SRR608230.aligned	207943.0
SRR612299.aligned	75328.0
SRR1078538.aligned	165270.0
SRR604174.aligned	249811.0
SRR1073242.aligned	261064.0
SRR599380.aligned	221338.0
SRR598645.aligned	263535.0
SRR1086728.aligned	203787.0
SRR615117.aligned	22364.0
SRR662990.aligned	108662.0
SRR1086116.aligned	171728.0
SRR810783.aligned	343404.0
SRR1103072.aligned	197654.0
SRR809320.aligned	328403.0
SRR807824.aligned	421248.0
SRR665634.aligned	121997.0
SRR662103.aligned	115301.0
SRR1096830.aligned	178919.0
SRR658977.aligned	147385.0
SRR656564.aligned	140346.0
SRR1095792.aligned	219863.0
SRR627439.aligned	53793.0
SRR627449.aligned	95123.0
SRR615527.aligned	93639.0
SRR1092773.aligned	170482.0
SRR1092397.aligned	226533.0
SRR1075150.aligned	154512.0
SRR614960.aligned	74274.0
SRR1091670.aligned	332737.0
SRR614683.aligned	138121.0
SRR613462.aligned	149780.0
SRR1079730.aligned	154702.0
SRR612887.aligned	238530.0
SRR612455.aligned	81602.0
SRR612359.aligned	255229.0
SRR604122.aligned	162431.0
SRR600957.aligned	274768.0
SRR813339.aligned	125599.0
SRR813824.aligned	302750.0
SRR1077826.aligned	255356.0
SRR810761.aligned	204252.0
SRR810391.aligned	139582.0
SRR1102680.aligned	292801.0
SRR1086236.aligned	192542.0
SRR808472.aligned	311590.0
SRR807901.aligned	249325.0
SRR662007.aligned	74016.0
SRR1083700.aligned	147684.0
SRR1099378.aligned	203355.0
SRR1070086.aligned	295361.0
SRR1083311.aligned	279351.0
SRR1097666.aligned	233634.0
SRR1097100.aligned	200466.0
SRR657845.aligned	185583.0
SRR657961.aligned	312219.0
SRR1082883.aligned	232643.0
SRR1071060.aligned	202539.0
SRR655613.aligned	206234.0
SRR1082859.aligned	213731.0
SRR654981.aligned	142116.0
SRR654826.aligned	226892.0
SRR1093172.aligned	235771.0
SRR1081717.aligned	164964.0
SRR614323.aligned	222971.0
SRR1092062.aligned	254721.0
SRR1075579.aligned	188909.0
SRR1080580.aligned	213541.0
SRR613402.aligned	210026.0
SRR1074769.aligned	204178.0
SRR612791.aligned	56560.0
SRR613030.aligned	127253.0
SRR1080672.aligned	151595.0
SRR612311.aligned	186891.0
SRR612467.aligned	244685.0
SRR821468.aligned	401755.0
SRR1090193.aligned	197865.0
SRR604414.aligned	225393.0
SRR603116.aligned	108913.0
SRR815970.aligned	284347.0
SRR602871.aligned	158424.0
SRR815759.aligned	347425.0
SRR816382.aligned	187843.0
SRR813315.aligned	238399.0
SRR663076.aligned	206485.0
SRR813776.aligned	269647.0
SRR813632.aligned	293495.0
SRR1078562.aligned	211642.0
SRR811771.aligned	177867.0
SRR811819.aligned	222609.0
SRR1086702.aligned	157718.0
SRR1101643.aligned	283923.0
SRR809755.aligned	1324.0
SRR809565.aligned	374321.0
SRR808658.aligned	359692.0
SRR664854.aligned	293590.0
SRR1101373.aligned	200753.0
SRR614443.aligned	155065.0
SRR1073365.aligned	174900.0
SRR1085285.aligned	218916.0
SRR661842.aligned	235671.0
SRR1099857.aligned	246013.0
SRR659744.aligned	271606.0
SRR1099833.aligned	95624.0
SRR1083480.aligned	153174.0
SRR1083456.aligned	182427.0
SRR1096101.aligned	184677.0
SRR1096174.aligned	77398.0
SRR627451.aligned	83856.0
SRR627429.aligned	94844.0
SRR1074909.aligned	371883.0
SRR615647.aligned	21348.0
SRR615563.aligned	92656.0
SRR1092567.aligned	236965.0
SRR1092517.aligned	206395.0
SRR1091865.aligned	147876.0
SRR614814.aligned	164484.0
SRR1089998.aligned	207712.0
SRR1090119.aligned	157213.0
SRR1079455.aligned	404209.0
SRR608456.aligned	218995.0
SRR662294.aligned	31394.0
SRR604718.aligned	150947.0
SRR1075273.aligned	187071.0
SRR663249.aligned	67240.0
SRR604262.aligned	201516.0
SRR821715.aligned	345804.0
SRR1079567.aligned	191891.0
SRR819534.aligned	185166.0
SRR820427.aligned	322044.0
SRR660859.aligned	155539.0
SRR602010.aligned	155208.0
SRR663185.aligned	256961.0
SRR662594.aligned	35408.0
SRR815374.aligned	309585.0
SRR815517.aligned	189973.0
SRR600445.aligned	262691.0
SRR816292.aligned	352376.0
SRR815256.aligned	310392.0
SRR658585.aligned	90315.0
SRR662725.aligned	274057.0
SRR810921.aligned	307578.0
SRR814137.aligned	335343.0
SRR812246.aligned	341293.0
SRR1102756.aligned	135130.0
SRR808130.aligned	381125.0
SRR1086020.aligned	161968.0
SRR1102152.aligned	89664.0
SRR1101226.aligned	251514.0
SRR807971.aligned	194418.0
SRR664743.aligned	104983.0
SRR663380.aligned	297746.0
SRR660661.aligned	89555.0
SRR1081712.aligned	38371.0
SRR1098026.aligned	216085.0
SRR1096851.aligned	222029.0
SRR1083918.aligned	188940.0
SRR660295.aligned	223149.0
SRR660007.aligned	51349.0
SRR1072367.aligned	168671.0
SRR1082568.aligned	173980.0
SRR659109.aligned	265621.0
SRR657635.aligned	376685.0
SRR1071568.aligned	326728.0
SRR1077503.aligned	96598.0
SRR657018.aligned	366438.0
SRR656745.aligned	471463.0
SRR1070884.aligned	256434.0
SRR655780.aligned	175992.0
SRR1093269.aligned	154117.0
SRR615862.aligned	76031.0
SRR1092865.aligned	186803.0
SRR615491.aligned	81844.0
SRR1074214.aligned	264771.0
SRR1080415.aligned	96883.0
SRR614407.aligned	185813.0
SRR614539.aligned	97637.0
SRR1080366.aligned	284149.0
SRR613330.aligned	109591.0
SRR608542.aligned	299528.0
SRR1090046.aligned	209345.0
SRR1070738.aligned	270167.0
SRR1079306.aligned	213529.0
SRR821602.aligned	147143.0
SRR1071337.aligned	232289.0
SRR819894.aligned	350981.0
SRR819690.aligned	259749.0
SRR818321.aligned	437936.0
SRR1085638.aligned	254843.0
SRR1087393.aligned	232050.0
SRR812342.aligned	331167.0
SRR598484.aligned	255712.0
SRR1120733.aligned	225856.0
SRR1098855.aligned	137803.0
SRR1087321.aligned	123406.0
SRR1086983.aligned	181813.0
SRR809595.aligned	179005.0
SRR664072.aligned	224108.0
SRR661995.aligned	263031.0
SRR661397.aligned	61533.0
SRR1097574.aligned	172736.0
SRR1098737.aligned	110533.0
SRR1068808.aligned	185348.0
SRR661313.aligned	174769.0
SRR1095407.aligned	116349.0
SRR1082447.aligned	206368.0
SRR1082151.aligned	138494.0
SRR1075555.aligned	176006.0
SRR614802.aligned	136380.0
SRR1083657.aligned	45189.0
SRR1080459.aligned	229780.0
SRR1074646.aligned	131027.0
SRR1090698.aligned	231213.0
SRR1090881.aligned	154939.0
SRR613234.aligned	122417.0
SRR612994.aligned	106595.0
SRR1079782.aligned	210973.0
SRR1089688.aligned	114305.0
SRR820883.aligned	288333.0
SRR1089761.aligned	159942.0
SRR819793.aligned	130039.0
SRR1089537.aligned	98588.0
SRR1069758.aligned	169982.0
SRR818622.aligned	253281.0
SRR1069614.aligned	212507.0
SRR1087776.aligned	237309.0
SRR817329.aligned	304966.0
SRR608064.aligned	115316.0
SRR821072.aligned	291570.0
SRR820186.aligned	302547.0
SRR1076417.aligned	134731.0
SRR817832.aligned	248139.0
SRR660788.aligned	131060.0
SRR615249.aligned	171891.0
SRR662930.aligned	123213.0
SRR814820.aligned	318456.0
SRR662894.aligned	265402.0
SRR813108.aligned	294100.0
SRR1080998.aligned	99715.0
SRR812222.aligned	259013.0
SRR811988.aligned	364334.0
SRR809987.aligned	194698.0
SRR809873.aligned	293870.0
SRR1085541.aligned	182434.0
SRR1102272.aligned	186488.0
SRR807727.aligned	273477.0
SRR663633.aligned	136929.0
SRR1099957.aligned	261345.0
SRR661361.aligned	383997.0
SRR1099236.aligned	178057.0
SRR661278.aligned	239754.0
SRR1098636.aligned	201162.0
SRR1075408.aligned	250610.0
SRR1098686.aligned	177555.0
SRR659995.aligned	178479.0
SRR660066.aligned	111781.0
SRR657754.aligned	345233.0
SRR1074066.aligned	100663.0
SRR1071620.aligned	279244.0
SRR658200.aligned	90247.0
SRR657857.aligned	258007.0
SRR1095431.aligned	244162.0
SRR1094144.aligned	181142.0
SRR627445.aligned	66766.0
SRR1070665.aligned	185750.0
SRR1080484.aligned	276973.0
SRR1080294.aligned	173769.0
SRR613807.aligned	96898.0
SRR1090907.aligned	96905.0
SRR613639.aligned	87589.0
SRR613550.aligned	173963.0
SRR1079874.aligned	147759.0
SRR1074478.aligned	169504.0
SRR612287.aligned	105558.0
SRR607445.aligned	138652.0
SRR1078924.aligned	259724.0
SRR600786.aligned	255710.0
SRR600829.aligned	119306.0
SRR1089030.aligned	155839.0
SRR1089399.aligned	60508.0
SRR824039.aligned	304105.0
SRR600981.aligned	166268.0
SRR1087415.aligned	182976.0
SRR598009.aligned	254496.0
SRR817190.aligned	216683.0
SRR815845.aligned	299032.0
SRR1086820.aligned	180839.0
SRR1085996.aligned	201984.0
SRR1120781.aligned	197991.0
SRR1103118.aligned	330260.0
SRR812294.aligned	285350.0
SRR1077211.aligned	233581.0
SRR1084369.aligned	145876.0
SRR1083752.aligned	206936.0
SRR661517.aligned	312774.0
SRR660534.aligned	213931.0
SRR659911.aligned	97535.0
SRR660414.aligned	246349.0
SRR1097811.aligned	223822.0
SRR659436.aligned	158893.0
SRR1097525.aligned	172328.0
SRR658283.aligned	91175.0
SRR1096198.aligned	206177.0
SRR1082544.aligned	80284.0
SRR1095985.aligned	202119.0
SRR1075336.aligned	137277.0
SRR656095.aligned	216149.0
SRR1094265.aligned	221578.0
SRR627462.aligned	69429.0
SRR617829.aligned	158678.0
SRR627453.aligned	78641.0
SRR1071313.aligned	223261.0
SRR1081235.aligned	194036.0
SRR614647.aligned	172588.0
SRR1091622.aligned	200148.0
SRR1071519.aligned	153102.0
SRR1079850.aligned	214363.99999999997
SRR1090604.aligned	256029.0
SRR607478.aligned	174497.0
SRR1079356.aligned	201375.0
SRR604230.aligned	202764.0
SRR601525.aligned	324095.0
SRR1078855.aligned	170789.0
SRR600417.aligned	317505.0
SRR1079237.aligned	219112.0
SRR602895.aligned	370220.0
SRR603752.aligned	204271.0
SRR1088557.aligned	191852.0
SRR1087463.aligned	225642.0
SRR615838.aligned	128362.0
SRR1087369.aligned	128627.0
SRR627421.aligned	78714.0
SRR615671.aligned	105030.0
SRR1087297.aligned	166872.0
SRR655146.aligned	246648.0
SRR598100.aligned	266679.0
SRR1086561.aligned	170195.0
SRR598044.aligned	169212.0
SRR1122913.aligned	201315.0
SRR595926.aligned	275398.0
SRR656958.aligned	49230.0
SRR1085450.aligned	261262.0
SRR658549.aligned	508468.0
SRR658953.aligned	368815.0
SRR657384.aligned	97335.0
SRR660164.aligned	295035.0
SRR1084626.aligned	172267.0
SRR1100848.aligned	282454.0
SRR662198.aligned	77164.0
SRR1070813.aligned	52456.0
SRR1075997.aligned	239567.0
SRR1082685.aligned	237551.0
SRR1082833.aligned	190367.0
SRR808542.aligned	277149.0
SRR1074744.aligned	290964.0
SRR1096291.aligned	188261.0
SRR811535.aligned	72803.0
SRR812177.aligned	93640.0
SRR1071429.aligned	235148.0
SRR613522.aligned	216362.0
SRR1080835.aligned	204734.0
SRR1070764.aligned	230330.0
SRR612190.aligned	113217.0
SRR1071594.aligned	117585.0
SRR1090674.aligned	172989.0
SRR612431.aligned	68759.0
SRR820914.aligned	335987.0
SRR819024.aligned	175796.0
SRR819346.aligned	200018.99999999997
SRR817817.aligned	409409.0
SRR818110.aligned	306027.0
SRR1088904.aligned	244933.0
SRR604677.aligned	251408.0
SRR599281.aligned	55919.0
SRR1078323.aligned	206628.0
SRR613987.aligned	224469.0
SRR1101483.aligned	90737.0
SRR614635.aligned	58775.0
SRR1078684.aligned	225953.0
SRR1069466.aligned	209987.0
SRR598589.aligned	189696.0
SRR598042.aligned	239101.0
SRR615934.aligned	85394.0
SRR615910.aligned	236210.0
SRR1078234.aligned	216424.0
SRR655684.aligned	233561.0
SRR600852.aligned	136397.0
SRR1086796.aligned	154501.0
SRR1077667.aligned	150396.0
SRR1072297.aligned	169174.0
SRR1122940.aligned	243286.0
SRR1086046.aligned	165175.0
SRR1102830.aligned	155632.0
SRR1077575.aligned	217643.0
SRR660390.aligned	248416.0
SRR1069328.aligned	202691.0
SRR658790.aligned	97574.0
SRR658633.aligned	60883.0
SRR1076779.aligned	117600.0
SRR661723.aligned	187161.0
SRR658707.aligned	111618.0
SRR1099789.aligned	165617.0
SRR1098002.aligned	184538.0
SRR665586.aligned	516648.0
SRR1097883.aligned	142564.0
SRR811866.aligned	312270.0
SRR811423.aligned	350984.0
SRR1082307.aligned	243566.0
SRR812598.aligned	110774.0
SRR1095599.aligned	229478.0
SRR1080790.aligned	172218.0
SRR1094123.aligned	167983.0
SRR1092038.aligned	233500.0
SRR1088117.aligned	180143.0
SRR612851.aligned	46075.0
SRR1091990.aligned	158524.0
SRR607219.aligned	202207.0
SRR608096.aligned	185549.0
SRR816250.aligned	97061.0
SRR1074239.aligned	238639.0
SRR820755.aligned	335643.0
SRR818188.aligned	348053.0
SRR814892.aligned	348191.0
SRR612383.aligned	72163.0
SRR607117.aligned	118027.0
SRR819430.aligned	325301.0
SRR1078514.aligned	152854.0
SRR600724.aligned	104308.0
SRR1073553.aligned	240140.0
SRR604390.aligned	231747.0
SRR818086.aligned	312863.0
SRR602808.aligned	158424.0
SRR816818.aligned	259647.0
SRR816541.aligned	155688.0
SRR599122.aligned	203869.0
SRR815711.aligned	197125.0
SRR815350.aligned	276373.0
SRR815208.aligned	360752.0
SRR663296.aligned	227462.0
SRR1121009.aligned	253648.0
SRR662942.aligned	294963.0
SRR1077115.aligned	154943.0
SRR812837.aligned	297865.0
SRR813208.aligned	189007.0
SRR811515.aligned	284410.0
SRR808968.aligned	337994.0
SRR1076490.aligned	260685.0
SRR663416.aligned	169137.0
SRR664842.aligned	260991.0
SRR1098567.aligned	188660.0
SRR662126.aligned	92732.0
SRR660697.aligned	120282.0
SRR661937.aligned	351762.0
SRR661601.aligned	313047.0
SRR660426.aligned	98887.0
SRR1097549.aligned	246678.0
SRR659625.aligned	134532.0
SRR659169.aligned	33321.0
SRR659235.aligned	297752.0
SRR1082217.aligned	219812.0
SRR656982.aligned	158637.0
SRR1091356.aligned	189592.0
SRR656457.aligned	151608.0
SRR1092087.aligned	286837.0
SRR627431.aligned	60977.0
SRR615635.aligned	134047.0
SRR614900.aligned	146716.0
SRR613651.aligned	79612.0
SRR613258.aligned	192860.0
SRR613222.aligned	105601.0
SRR1071035.aligned	258366.0
SRR1088291.aligned	105900.0
SRR821282.aligned	145906.0
SRR821124.aligned	313117.0
SRR820234.aligned	314120.0
SRR607091.aligned	299384.0
SRR818961.aligned	393180.0
SRR818600.aligned	219112.0
SRR1087197.aligned	135909.0
SRR808728.aligned	98131.0
SRR817306.aligned	310108.0
SRR603449.aligned	160836.0
SRR602622.aligned	174013.0
SRR816629.aligned	337530.0
SRR816653.aligned	355131.0
SRR601500.aligned	246684.0
SRR1072529.aligned	63823.0
SRR662641.aligned	270820.0
SRR812461.aligned	133882.0
SRR663284.aligned	134833.0
SRR813505.aligned	300847.0
SRR1101591.aligned	218137.0
SRR811964.aligned	301493.0
SRR811309.aligned	349936.0
SRR808086.aligned	295569.0
SRR1100991.aligned	106254.0
SRR663261.aligned	282436.0
SRR662486.aligned	287698.0
SRR1083171.aligned	201713.0
SRR660224.aligned	175909.0
SRR1098879.aligned	89541.0
SRR659935.aligned	122153.0
SRR660824.aligned	436078.0
SRR1071983.aligned	188912.0
SRR660152.aligned	232768.0
SRR660283.aligned	312312.0
SRR1079973.aligned	252670.0
SRR1097501.aligned	167500.0
SRR1096736.aligned	161626.0
SRR1082035.aligned	192303.0
SRR657480.aligned	108642.0
SRR658742.aligned	65638.0
SRR1095889.aligned	191656.0
SRR1093243.aligned	106120.0
SRR1074578.aligned	220755.0
SRR656421.aligned	222941.0
SRR656409.aligned	89740.0
SRR1092112.aligned	215260.0
SRR615551.aligned	249240.0
SRR1091743.aligned	182862.0
SRR614742.aligned	39449.0
SRR614924.aligned	30947.0
SRR1079612.aligned	225808.0
SRR613414.aligned	151507.0
SRR1078948.aligned	185257.0
SRR612479.aligned	231110.0
SRR817587.aligned	286027.0
SRR1088461.aligned	164857.0
SRR821666.aligned	127716.0
SRR1085334.aligned	213475.0
SRR607337.aligned	260172.0
SRR1077549.aligned	210633.0
SRR818396.aligned	341661.0
SRR816495.aligned	344604.0
SRR814996.aligned	410746.0
SRR1077528.aligned	129153.0
SRR1085850.aligned	167157.0
SRR812721.aligned	340426.0
SRR1102583.aligned	137128.0
SRR812036.aligned	285656.0
SRR1120340.aligned	157168.0
SRR811357.aligned	326305.0
SRR1075729.aligned	176802.0
SRR1084032.aligned	205436.0
SRR662462.aligned	231348.0
SRR657833.aligned	169102.0
SRR657444.aligned	218846.0
SRR1082733.aligned	174096.0
SRR1082238.aligned	216538.0
SRR658247.aligned	144648.0
SRR1095503.aligned	227548.0
SRR1091817.aligned	38038.0
SRR656433.aligned	107929.0
SRR615778.aligned	79833.0
SRR655672.aligned	119993.0
SRR615886.aligned	186210.0
SRR1091404.aligned	197146.0
SRR1080391.aligned	165279.0
SRR614551.aligned	254195.0
SRR1078090.aligned	114904.0
SRR613557.aligned	155669.0
SRR1078998.aligned	302079.0
SRR613114.aligned	42854.0
SRR1072920.aligned	126834.0
SRR1090334.aligned	237710.0
SRR1090383.aligned	188467.0
SRR612743.aligned	208030.0
SRR1079143.aligned	200283.0
SRR1088267.aligned	162955.0
SRR1087127.aligned	295700.0
SRR820379.aligned	187196.0
SRR1086915.aligned	216488.0
SRR817927.aligned	362137.0
SRR817282.aligned	171837.0
SRR817142.aligned	295014.0
SRR1070789.aligned	181843.0
SRR1085134.aligned	264324.0
SRR600900.aligned	271968.0
SRR663161.aligned	46631.0
SRR662665.aligned	181369.0
SRR1086140.aligned	163313.0
SRR814727.aligned	196827.0
SRR1120961.aligned	277151.0
SRR1122885.aligned	230907.0
SRR1102949.aligned	161028.0
SRR1102467.aligned	201313.0
SRR1101787.aligned	114778.0
SRR1085110.aligned	151975.0
SRR811097.aligned	456158.0
SRR811145.aligned	217531.0
SRR1099168.aligned	158417.0
SRR808808.aligned	153311.0
SRR1099402.aligned	303691.0
SRR1072948.aligned	211903.0
SRR1084228.aligned	150425.0
SRR1084007.aligned	296655.0
SRR807775.aligned	243146.0
SRR663549.aligned	366544.0
SRR1082981.aligned	206267.0
SRR660626.aligned	277680.0
SRR658909.aligned	345340.0
SRR661577.aligned	73803.0
SRR1071084.aligned	199631.0
SRR660733.aligned	135500.0
SRR658849.aligned	380035.0
SRR1075054.aligned	205379.0
SRR657420.aligned	428747.0
SRR1093954.aligned	177180.0
SRR615874.aligned	133299.0
SRR1093697.aligned	171818.0
SRR615056.aligned	165315.0
SRR613378.aligned	210591.0
SRR1091184.aligned	226032.0
SRR1091054.aligned	186721.0
SRR1074550.aligned	213054.0
SRR1089375.aligned	152206.0
SRR612659.aligned	81607.0
